nome,aceite,genero,notas
Aarão,S,,
Aaron,N,,
Abdénago,S,M,
Abdul,S,,
Abedenego,N,,
Abeilard,N,,
Abeilarde,N,,
Abelâmio,S,M,
Abelardo,S,M,
Abelino,N,,
Abigail,S,F,
Abimael,N,,
Abissail,N,,
Abna,S,,
Abraão,S,M,
Abraham,N,,
Abraim,S,M,
Abrão,S,M,
Absalão,S,M,
Abssilão,N,,
Ácil,S,F,
Acilino,S,M,
Acílio,S,,
Acini,N,,
Açores,N,,
Açucena,S,,
Acúrcio,N,,
Acúrsio,S,M,
Ada,S,,
Adail,S,M,
Adalberto,S,M,
Adalgisa,S,,
Adália,S,,
Adalsindo,S,,
Adalsino,S,,
Adam,N,,
Adama,N,,
Adamantino,S,M,
Adamastor,S,M,
Adamo,N,,
Adarico,N,,
Adárico,N,,
Adário,N,,
Adelaide João,S,,
Adelindo,S,M,
Adelmo,S,M,
Ademar,S,,
Adeodato,S,M,
Adércio,N,,
Adério,S,M,
Adiel,S,M,
Ádila,S,F,
Adilar,N,,
Adília,S,F,
Adílio,S,,
Adilson,N,,
Adirio,N,,
Adírio,N,,
Adis,N,,
Adjene,N,,
Adliano,N,,
Admar,N,,
Admiro,N,,
Admisia,N,,
Adner,S,M,
Adolfo,S,,
Adonai,S,M,
Adonias,S,,
Adonilo,S,,
Adónis,S,M,
Adoração,N,,
Adorinda,N,,
Adorino,S,M,
Adosinda,S,F,
Adria,N,,
Adriana do Mar,S,F,
Adriane,N,,
Adriano,S,M,
Adriel,S,M,
Adrilete,N,,
Adrualdo,S,M,
Adruzilo,S,M,
Aduíno,N,,
Afonsina,S,,
Afonsino,S,,
Afonso de São Luís,S,,
Afonso Henriques,S,,conjunto onomástico
Afra,S,F,
Afrânio,S,M,
Afre,S,,
África,N,,
Africana,S,F,
Africano,S,M,
Ágata,S,,
Agatha,N,,
Agda,N,,
Agenor,S,M,
Agna,S,,
Agnello,N,,
Agnelo,S,,
Agnes,S,F,
Agonia,S,,"como segundo elemento do nome, precedido da partícula ""da"""
Agostília,N,,
Agostinho,S,M,
Águas,N,,
Águeda,S,F,
Aguiar,N,,
Aguinaldo,N,,
Aiala,N,,
Aicha,N,,
Aidan,N,,
Aidé,S,,
Aidi,N,,
Aila,N,,
Aileda,N,,
Ailine,N,,
Ailson,N,,
Ailton,N,,
Aimi,N,,
Aine,N,F,
Aires,S,M,
Airiza,S,F,
Airtom,N,,
Airton,S,M,
Aisha,N,,
Aita,N,,
Aitor,S,M,
Aixa,S,F,
Akira,N,,
Aladino,S,M,
Alaíde,S,F,
Alaim,N,,
Alain,N,,
Alamiro,S,M,
Alan,S,M,
Alana,S,F,revoga o despacho de 03-02-1993
Alanis,N,,
Alanna,N,,
Alano,S,,
Alão,S,,
Alba,S,,
Albano,S,M,
Alberico,S,,
Alberta,S,,
Alberty,N,,
Albrique,N,,
Albuquerque,N,,
Alcibíades,S,M,
Alcide,N,,
Alcides,S,M,
Alcina,S,F,
Alcindo,S,M,
Alcínia,N,,
Alcino,S,M,
Alcione,N,,
Alcíone,S,F,
Aldaír,S,M,
Aldara,S,F,
Aldemar,S,,
Aldenir,S,F,
Aldenora,S,F,
Alder,S,M,revoga o despacho de 30-07-1977
Aldo Dino,S,,
Aldónio,S,,
Aldora,S,F,como segundo elemento do nome
Alecsandro,N,,
Alegria,S,F,
Aleixa,S,F,
Alejandra,N,,
Alejandro,N,M,
Alencar,N,,
Alésia,N,,
Alessandra,N,,
Alessandro,N,,
Aleta,S,F,
Aleu,S,M,
Alex,S,M,
Alexa,S,,
Alexander,N,,
Alexandra,S,F,
Alexandra João,S,,
Alexandria,N,,
Alexandrino,S,,
Alexandro,S,M,
Alexei,N,,
Aléxia,S,F,"não ""ALEXIA"""
Alexina,S,,
Aléxio,S,M,
Aléxis,S,,"não ""ALEXIS"""
Alexsandro,N,,
Alfeu,S,,
Alfreda,S,,
Alfredina,N,,
Algarinho,N,,
Algi,N,,
Algy,N,,
Ália,S,,
Aliana,S,F,
Aliça,S,F,
Alice,S,F,
Alícia,S,,
Aliçon,N,,
Alida,S,,
Alide,N,,
Alina,S,F,
Aline,S,F,
Alípio,S,M,
Aliquesone,N,,
Alírio,S,,
Alisande,S,F,
Alisia,N,,
Álison,S,,
Alissa,N,,
Alissandra,N,,
Alissandro,N,,
Alita,S,F,
Alítio,S,,
Alito,S,,
Alivar,S,M,
Alívio,S,,"só no conjunto ""MARIA DO ALÍVIO"""
Alix,S,F,
Aljocolo,N,,
Allan Brett,N,,
Allen,N,,
Allessandro,N,,
Alma,S,F,revoga o despacho de 14-04-1981
Almada,N,,
Almara,S,F,
Almecinda,N,,
Almesinda,S,F,
Alminda,N,,
Almir,N,,
Almira,S,,
Almirique,N,,
Almiro,S,,
Almo,N,,
Almurtão,S,,"como segundo elemento do nome, precedido da partícula ""do"""
Aloís,S,,
Aloísio,S,M,
Alonso,N,,
Alonzo,N,,
Alpes,N,,
Alpoim,S,M,revoga o despacho de 06-05-1981
Alquina,N,,
Altenino,N,,
Alter,N,,
Altina,S,,
Altino,S,,
Altomirândio,N,,
Aluisa,N,,
Aluízio,N,,
Alva,S,F,
Álvares,N,,
Alvares,N,,
Alvarim,S,M,
Alvarina,S,F,
Alvarindo,N,,
Alvarinho,N,,
Alvarino,S,,
Alvário,S,M,
Alverita,N,,
Alvier,N,,
Alvim,N,,
Alvino,S,M,
Alzerina,N,,
Alzinda,N,,
Alzira,S,,
Alzirinda,N,,
Amadeu,S,M,
Amadeus,N,,
Amádio,N,,
Amadis,S,,
Amado,S,,
Amador,S,,
Amael,N,,
Amanda,S,,
Amandina,S,,
Amar,N,,
Amara,S,,
Amaral,N,,
Amarilde,N,,
Amarildo,S,,
Amarílio,S,M,
Amarílis,S,,
Amaro,S,M,
Amastor,N,,
Amauri,S,,
Amáuri,N,,
Amável,S,,
Amávia,N,,
Amavilde,N,,
Ambar,N,,
Ameet,N,,
Amélia,S,F,
Amelina,S,F,
Amena,N,,
América,S,F,
Américo,S,M,
Amícia,N,,
Aminadabe,S,M,
Amor,S,M,
Amora,S,F,
Amorel,N,,
Amorim,S,M,revoga o despacho de 23-10-1975
Amorina,S,F,
Amorita,N,,
Amorosa,N,,
Amorzinda,S,F,
Amós,S,,
Amparo,S,,"como segundo elemento do nome, precedido da partícula ""do"""
Ana Arine,S,F,conjunto onomástico
Ana Bela,S,F,
Ana da Purificação,S,,
Ana de São José,S,F,
Ana do Carmo,S,F,
Ana do Mar,S,F,
Ana do Rosário,S,,
Ana Flôr,S,,
Ana Lua,S,F,
Ana Mar,S,,"conjunto onomástico; revoga o despacho de 28-06-
1990"
Ana Rosário,N,,"só é de admitir se os dois vocábulos forem ligados pela partícula ""do"""
Ana Viriato,S,F,conjunto onomástico
Anabel,S,,
Anabela,S,,
Ana-Clara,N,,
Anael,S,M,
Anaíce,S,F,
Anaíde,S,F,
Anailda,N,,
Anailde,N,,
Anaim,S,M,
Anaina,N,,
Anair,S,F,
Anaira,N,,
Anaíra,N,,
Anaís,S,F,
Anaisa,S,,
Anaísa,S,F,
Anaiza,N,,
Analaura,N,,
Analdina,S,,
Anali,N,,
Anália,S,,
Analice,S,F,
Analide,S,M,
Analídio,N,,
Analine,N,,
Analisa,S,,
Analissa,N,,
Analtina,N,,
Analua,N,,
Analuar,N,,
Analuz,N,,
Anamar,S,F,
Anandine,N,,
Anania,S,M,
Ananias,S,M,
Anarelina,N,,
Anarolina,N,,
Anatércia,N,,
Anatilde,S,,
Âncora,N,,
Andere,N,,
Anderson,N,,
Andi,N,,
Andraja,N,,
André,S,M,
Andrea,S,F,"revoga os despachos de 1970, 1980 e de 1991"
Andreas,N,,
Andrei,N,,
Andreia,S,F,
Andreias,S,M,
Andreína,S,F,
Andrelina,S,F,
Andreo,S,M,
Ândreo,N,,
Andrés,S,M,
Andresa,S,F,
Andressa,N,,
Andrete,N,,
Andreti,N,,
Andreza,N,,
Ândria,S,F,
Andria,N,,
Andrina,N,,
Ândrio,N,,
Andrius,N,,
Andro,N,,
Andy,N,,
Anésia,S,,
Anete,N,,
Angel,N,,
Ângeles,N,,
Angélica,S,,
Angélico,S,M,revoga o despacho de 08-07-2008
Angelin,N,,
Angelique,N,,
Angelita,S,F,
Ângelo,S,,
Angra,N,,
Ani,N,,
Ânia,S,F,
Aniana,S,F,
Anicete,N,,
Anícia,S,F,
Aniello,N,,
Anielo,S,M,
Anilda,N,,
Anildo,N,,
Anilinca,N,,
Aniquília,N,,
Aniri,N,,
Aníria,S,F,
Anisabel,N,,
Anisabela,N,,
Anish,N,,
Anísia,S,F,
Anísio,S,,
Anissa,N,,
Anita,S,F,
Anjos,S,,"como segundo elemento do nome, precedido da partícula ""dos"""
Anne,N,F,despacho de 15-06-2011
Annie,N,,
Anolido,S,,
Anorindo,N,,
Anouchka,N,,
Anouk,N,,
Anquita,S,,
Anselmo,S,M,
Anteia,S,F,
Antelmo,S,M,
Antera,S,F,
Antero,S,M,
Antíbio,N,,
Antineia,N,,
Antoinette,N,,
Antonela,S,,
Antonelli,N,,
Antonelo,S,,
Antoni,N,,
Antonieta,S,,
Antonina,S,,
Antonita,N,,
Anunciação,S,F,
Anunciada,S,,
Anuque,S,,
Anusca,S,F,
Anuschka,N,,
Anuska,N,,
Anya,N,F,
Aparecida,S,,
Aparício,S,M,
Ápio,S,M,
Apolinário,S,M,
Apolo,S,M,
Aprígio,S,,
Aquil,S,M,
Aquila,S,M,
Áquila,S,M,
Aquiles,S,M,
Aquilino,S,M,
Aquino,S,,como segundo elemento do nome
Aquira,S,M,
Áquira,N,,
Ara,N,,
Arabela,S,F,
Araci,S,,como segundo elemento do nome
Aradna,S,,
Aragão,N,,
Aralde,N,,
Aramis,S,M,
Araújo,N,,
Arbela,N,,
Arbelda,N,,
Arbre,N,,
Arcádio,S,M,
Arcanjo,S,M,
Arcelino,S,M,
Arcélio,S,,
Arcelis,N,,
Arcidio,N,,
Arcílio,S,M,
Arcindo,N,,
Ardelisa,N,,
Ardeliza,N,,
Ardiles,N,,
Ardingue,S,M,
Argemiro,S,,
Argentina,S,,
Argentino,S,,
Argo Demetrius,N,,
Ari,S,,preferível como segundo elemento do nome
Ária,S,F,
Ariadna,S,,
Ariadne,S,,
Arian,N,,
Ariana,S,,
Ariane,S,F,despacho de 03-08-2007
Arianne,N,,
Arícia,N,F,
Aricina,N,,
Ariel,S,M,
Ariele,S,F,
Arien,N,F,
Aries,N,,
Áries,N,,
Arieta,N,,
Arinda,S,,
Arine,S,M,
Ariosto,S,M,
Arisberto,S,M,
Aristides,S,M,
Aristóteles,S,M,
Arita,N,,
Arjuna,N,,
Arlanda,S,,
Arlete,S,,
Arlino,N,,
Armândia,N,,
Armandina,S,,
Armandino,S,,
Armando,S,M,
Armelim,S,M,
Arménia,S,F,
Arménio,S,,
Armor,N,,
Arneles,N,,
Arom,N,,
Aron,S,M,
Árpia,N,,
Arquimedes,S,,
Arquimínio,S,M,
Arquimino,S,,
Arsénio,S,M,
Artemisa,S,,
Artemísia,S,,
Arturo,N,,
Aruna,S,F,
Ary,S,M,
Ascenso,S,M,
Asélio,S,M,
Asenath,N,,
Áser,S,,
Ashanti,N,,
Ashley,N,,
Ásia,S,F,
Asser,N,,
Assis,S,M,revoga o despacho de 20-03-1983
Assise,N,,
Assucena,N,,
Assunção,S,,
Assunta,S,,
Astral,N,,
Astrid,S,F,revoga o despacho de 15-10-1954
Astride,S,,
Ataíde,S,M,
Atanásio,S,M,
Atão,S,M,
Atena,N,,
Atenais,S,F,
Ateneia,N,,
Athena,N,,
Átila,S,M,
Átina,S,F,
Atlante,N,,
Atlântida,N,,
Atneia,N,,
Aton,N,,
Atul,N,,
Aubri,S,M,
Aucilia,N,,
Audenim,N,,
Audeta,N,,
Audete,S,,
Audria,N,,
Augustos,N,,
Augustus,N,,
Aulani,N,,
Aura,S,,
Áurea,S,,
Aurélia,S,,
Aureliana,S,F,
Aurentina,N,,
Áureo,S,M,
Aurete,S,F,
Aurétio,N,,
Auretónio,N,,
Aurinda,N,,
Aurísio,N,,
Aurízia,N,,
Ausenda,S,,
Ausendo,S,M,
Austrelino,S,,
Auta,S,,
Auxília,S,,
Ava,S,F,
Avani,N,,
Avantino,N,,
Ave,N,,
Avelar,N,,
Avelino,S,M,
Aventino,S,,
Ávila,N,,
Aviz,N,,
Axel,S,,
Ayala,N,,
Ayer,N,,
Ayla,N,,
Ayrton,N,,
Azélio,S,M,
Aziz,S,M,
Azuil,S,M,
Babilónia,N,,
Baguandas,S,,como segundo elemento do nome
Bajula,N,,
Baki,N,,
Baldemar,S,M,
Baldomero,S,M,
Balduíno,S,,
Balsemina,N,,
Baltasar,S,M,
Baltazar,N,,
Baptista,S,,"no conjunto ""JOÃO BAPTISTA"" ou como segundo elemento do nome"
Baqui,S,M,
Barac,S,M,
Barão,S,M,
Bárbara,S,F,
Bárbora,S,F,
Barbosa,N,,
Barcino,S,,
Barriane,N,,
Bartolina,S,,
Bartolomeu,S,M,
Bartolomeu Perestrelo,S,M,conjunto onomástico
Basília,S,F,
Basilisa,N,,
Basilissa,S,,
Bassani,N,,
Bassarme,S,M,como segundo elemento do nome
Bastião,S,M,
Batista,S,M,
Bauduino,N,,
Beanina,S,,
Beatriz,S,F,
Beatriz da Conceição,S,F,conjunto onomástico
Beatriz de Lencastre,S,F,conjunto onomástico
Beatriz de São José,S,,conjunto onomástico
Beatriz do Carmo,S,F,conjunto onomástico
Bebiana,S,,
Bebiano,S,M,
Begonha,S,,"como segundo elemento do nome, precedido da partícula ""de"""
Bela,S,,
Beladora,N,,
Belani,N,,
Belânia,N,,
Belanie,N,,
Belchior,S,M,
Beldora,N,,
Beleciano,N,,
Belecissima,N,,
Belém,S,F,
Belezinda,N,,
Belina,S,,
Belinda,S,,
Belisa,S,,
Belisanda,N,,
Belíssima,N,,
Belma,N,,
Belzinda,N,,
Bendavid,S,M,revoga despacho anterior
Benedita,S,F,
Benevenuto,S,M,
Beneza,N,,
Benfica,N,,
Ben-Hur,N,,
Benícia,S,,
Benício,S,M,
Benigna,S,F,
Benilde,S,F,
Benildo,N,,
Benita,S,F,
Benjamim,S,M,
Benjamina,S,F,
Benoît,N,,
Bento,S,M,
Benuá,N,,
Benur,N,,
Benvinda,S,F,
Berangére,N,,
Berardo,S,,
Berengária,S,,
Berilo,S,M,
Berlita,N,,
Bernadete,S,,
Bernardete,S,,
Bernardim,S,M,
Bernardino,S,M,
Bérnia,S,,
Bertelina,N,,
Bertha,N,,
Bértil,S,,como segundo elemento do nome
Bertila,S,,
Bertilde,S,,
Bertina,S,F,
Bertine,N,,
Bertino,S,,
Berto,S,,
Bertolina,N,,
Bertolino,S,M,
Bestasbé,N,,
Betânia,S,,revoga despacho anterior
Betanio,N,,
Betânio,N,,
Beth,N,,
Bétia,S,F,
Betina,S,,
Betino,S,M,
Beto,S,,
Betsabé,S,F,
Betsabeia,N,,
Betsabeth,N,,
Bhavika,N,,
Bia,S,F,
Biana,S,F,
Bianca,S,,
Bianor,S,,
Biara,N,,
Biatriz,N,F,
Bibi,N,,
Bibiana,S,,
Bibila,N,,
Bibili,S,F,
Bijal,S,F,
Bil,N,,
Bila,N,,
Bina,S,,
Bino,N,,
Binta,N,,
Binucha,N,,
Birílio,N,,
Birilo,N,,
Bitia,S,F,
Biute,N,,
Blacina,N,,
Blaise,N,,
Blandina,S,F,
Blásia,S,,
Bluete,N,,
Boanerges,S,,
Boavida,S,,
Bolena,N,,
Bonança,N,,"só no conjunto ""Maria da Bonança"""
Bonina,N,,
Bonita,N,,
Bóris,S,M,
Bosco,N,,"só no conjunto ""JOÃO BOSCO"""
Brain,N,,
Branca,S,,
Branca Flor,S,,
Branco,N,,
Brandão,S,M,
Brandelina,N,,
Brás,S,M,
Brásia,S,,
Brasília,N,,
Brasilina,N,,
Brasilino,N,,
Brasinda,N,,
Bráulio,S,,
Brázia,S,,
Brelca,N,,
Brena,S,,
Brenda,S,,
Brénea,N,,
Breno,S,,
Brian,S,M,
Briana,S,F,
Briano,N,,
Brice,S,,como segundo elemento do nome
Brícia,S,,
Brida,N,,
Brígida,S,F,
Brígido,S,M,
Brigite,S,,
Brilhante,N,,
Brilhantina,N,,
Brilhantino,N,,
Brino,N,,
Briolanjo,S,,
Briosa,S,F,como segundo elemento do nome
Brisa,N,,
Brita,N,,
Britânia,N,,
Brites,S,,
Brito,N,,
Britta,N,,
Britta Nórdica,N,,
Brizelinda,N,,
Brizida,S,F,
Bruce,S,,
Bruna,S,,
Brunei,N,,
Brúnel,N,,
Brunilde,S,F,
Bryan,N,,
Buanami,N,,
Cácia,S,F,
Cacilda,N,,
Cadia,N,,
Cádio,N,,
Cadu,N,,
Caetana,S,F,
Caetano,S,M,
Caia,S,F,
Caiane,N,,
Caíco,S,M,
Caila,N,,
Cailane,N,,
Cailany,N,,
Caio,S,M,
Caionara,N,,
Caique,N,,
Caiús,N,,
Caleb,S,M,
Calebe,N,,
Calei,N,,
Cali,N,,
Calila,S,F,
Calisto,S,M,
Caluxo,N,M,
Calvin,N,,
Camala,N,,
Câmea,N,,
Camélia,S,F,
Camila,S,F,
Camões,N,,
Candice,S,F,
Cândido,S,M,
Candinho,N,,
Candisse,N,,
Candy,N,,
Cânia,S,,
Canto,S,M,
Capilupi,N,,
Cardia,N,,
Cárdia,N,,
Cardinal,N,,
Cardo,N,,
Carel,N,,
Carela,S,,
Cáren,S,F,revoga o despacho de 05-07-1978
Carenina,N,,
Cária,N,,
Carícia,N,,
Cárin,S,F,
Carina,S,,
Carine,N,,
Cario,N,,
Carisa,S,,
Carísia,S,F,
Carissa,S,F,
Cárita,S,,
Carla,S,,
Carla da Agonia,S,,
Carlinda,S,,
Carlisa,N,,
Carlo,S,M,
Carlos,S,,
Carlota,S,F,
Carlotta,N,,
Carma,N,,
Carmália,N,,
Carmélia,S,,
Carmelina,S,F,
Carmelinda,S,F,
Carmelita,S,,
Carmem,N,,
Cármen,S,,
Carmencita,N,,
Carmério,S,M,
Carmezinda,S,F,
Carmim,S,M,
Carmin,N,,
Carmina,S,,
Cármina,N,,
Carminda,S,,
Carminho,S,F,
Carmo,S,F,
Carmo Sofia,S,,
Carmorinda,S,F,
Carol,S,F,
Carola,N,,
Carole,S,,
Carolina,S,,
Carolina do Carmo,S,F,
Caroline,N,,
Carónia,N,,
Carrene,N,,
Carsta,S,,
Cassandra,S,,
Cássia,S,F,
Cassiano,S,M,
Cassilda,S,F,
Cássio,S,M,
Casta,S,,
Castália,N,,
Castelina,S,F,
Castelino,S,M,
Castor,S,M,
Castorina,S,,
Castra,N,,
Catalina,S,,
Catarina,S,F,
Catarino,S,M,
Cate,N,,
Catelina,N,,
Cateline,N,,
Caterina,S,F,
Catharina,N,,
Catherina,N,,
Catherine,N,,
Cati,N,,
Cátia,S,,
Cátia de Jesus,S,,
Catiana,N,,
Catila,S,,
Catilina,S,,
Cátio,N,,
Catiúsca,N,,
Catrina,N,,
Catrine,N,,
Catuchia,N,,
Cauã,N,M,
Cayetana,N,,
Ceara,N,,
Ceárina,N,,
Cecília,S,F,
Cédric,N,,
Cedrico,S,,
Ceila,N,,
Célcia,N,,
Celder,N,,
Celénia,N,,
Celestiano,N,,
Célia,S,,
Célica,N,,
Celide,N,,
Celina,S,F,
Celinda,N,,
Celine,N,,
Celinia,S,,
Celino,S,M,
Célio,S,M,
Celisa,N,,
Celisia,N,,
Celísio,S,,
Celite,N,,
Celma,N,,
Celmo,N,,
Celsa,S,F,
Célsia,N,,
Célsio,S,M,
Celso,S,M,
Celta,N,,
Celto,S,M,
Celton,N,,
Cereja,S,F,como segundo elemento do nome
Ceres,S,F,
Cesaldino,N,,
Cesaltina,S,,
Cesarina,S,F,
Cesário,S,M,
Césaro,S,,
Céser,N,,
Céu,S,,"como segundo elemento do nome, precedido da partícula ""do"""
Chambel,N,,
Chandlier,N,,
Chantal,S,,"de preferência precedido de ""MARIA"""
Chantel,N,,
Chantelle,N,,
Charbel,S,M,
Charifa,N,,
Charlene,N,,
Charli,N,,
Charlie,N,,
Charlotte,N,,
Cheila,S,F,
Cheldecarlo,N,,
Cheldoncarlo,N,,
Chelsea,N,,
Chema,S,,
Chenoa,N,,
Cherricarlo,N,,
Chevrolet,N,,
Cheyenne,N,,
Chianda Kady,N,,
Chiara,N,,
Chila,N,,
Chimene,N,,
Chloe,N,F,
Chloé,N,,
Chrisna,N,,
Christian,N,,
Christiana,N,,
Christiane,N,,
Cibele,S,F,
Cícero,S,M,
Cicínia,N,,
Cid,S,,
Cidália,S,,
Cidalina,S,,
Cidalisa,S,F,
Cildo,S,,
Cilecina,N,,
Cilene,N,,
Cília,N,,
Cílio,S,M,
Cilísia,N,,
Cimara,N,,
Cinara,S,,
Cínara,S,,
Cinda,N,,
Cinderela,S,,
Cindi,N,,
Cíndia,N,,
Cinira,S,F,
Cinthía,N,,
Cíntia,S,F,
Cinzandra,N,,
Cipora,S,,
Ciranda,N,,
Circe,S,F,
Cireneu,S,,"só no conjunto ""SIMÃO CIRENEU"""
Círia,S,F,
Ciril,N,,
Cirila,S,F,
Cirilo,S,,
Ciro,S,,
Cirolina,N,,
Ciros,N,,
Cirus,N,,
Cisaltina,N,,
Cisandro,N,,
Cisela,N,,
Cisério,N,,
Cisina,N,,
Cizandra,N,,
Cizandro,N,,
Cizina,S,,
Clara de Fátima,S,,
Clarence,N,,
Claret,N,,
Clarina,S,,
Clarinda,S,,
Clarindo,S,,
Clarinha,S,F,revoga anterior despacho
Clarissa,N,,
Clarisse,S,,
Clarisseau,N,,
Clarivaldo,N,,
Claude,N,,
Claudelina,N,,
Claudemira,S,,
Claudemiro,S,M,
Claudete,N,,
Cláudia,S,,
Claudiana,S,F,
Claudides,N,,
Cláudio,S,M,
Claudisabel,N,,
Cláusio,N,,
Clea,N,,
Cleia,S,,
Cleide,S,F,
Clélia,S,F,
Clemência,S,,
Cleo,N,,
Cleodice,S,,
Cleonice,S,F,
Cleópatra,S,F,
Clésia,S,,
Clésio,S,,
Cleudisse,N,,
Cleusa,N,,
Cleyse,N,,
Clícia,S,,
Clídio,S,M,
Clife,S,,
Climénia,S,,
Clívia,S,,
Clober,N,,
Cloe,S,F,
Cloé,S,F,
Clorinda,S,,
Clóvis,S,,
Coimbra,N,,
Colete,S,,
Colino,N,,
Coltrane,N,,
Conceição,S,F,
Conceição Maria,S,,
Concha,S,F,
Conchita,N,,
Consolação,S,F,
Consolação Maria,N,,
Consolino,N,,
Constança,S,F,
Constância,S,F,
Constâncio,S,M,
Constantino,S,M,
Consulino,S,,
Conte,N,,
Cora,S,F,
Coral,N,,
Corália,S,,
Cordália,N,,
Cordélia,S,F,
Corina,S,,
Corine,N,,
Córita,S,,
Corsino,S,M,
Cortês,N,,
Cosete,S,F,
Cosette,N,,
Cosme,S,M,
Cremilda,S,,
Cremilde,S,F,
Creolando,N,,
Crestila,S,F,
Crestita,N,,
Criçália,N,,
Crimilde,N,,
Cris,S,,como segundo elemento do nome
Crisália,S,,
Crisálida,S,F,
Crisanta,S,F,
Crisante,S,F,
Crisna,S,,como segundo elemento do nome
Crispim,S,M,
Cristal,N,,
Cristalinda,N,,
Cristela,S,,
Cristele,S,,
Cristene,S,F,
Cristia,N,,
Cristian,N,,
Cristiana,S,,
Cristiane,N,,
Cristiani,N,,
Cristiano,S,M,
Cristião,N,,
Cristina Astride,S,,
Cristo,N,,
Cristofe,S,,
Cristofer,N,,
Cristóforo,S,M,
Cristolinda,S,,
Cristóvão,S,,
Cruz,S,,"como segundo elemento do nome, precedido da partícula ""da"""
Curri,N,,
Curry,N,,
Cursino,S,M,
D' Água,N,,
Dacilde,N,,
Dácio,S,M,
Dádiva,N,,
Dafne,S,,
Dagmar,S,,
Dagoberto Tito,S,,
Daiana,N,,
Daiane,N,,
Daiene,N,,
Daina,S,F,
Daira,N,,
Daisi,S,F,
Daisy,N,,
Dáli,N,,
Dália,S,,
Daliana,S,F,
Dalida,S,,
Dalide,N,,
Dalila,S,,
Dalinda,S,F,
Dálio,N,,
Dalion,N,,
Dalva,S,F,
Damaciana,N,,
Dámaris,S,F,
Damas,S,M,
Damasceno,S,,como segundo elemento do nome
Dameão,N,,
Damião,S,M,
Damiense,N,,
Damila,N,,
Damília,N,,
Dana,S,F,
Danabel,N,,
Danae,N,,
Dánae,N,,
Danai,N,,
Dani,N,,
Dânia,S,,
Daniana,S,F,
Danida,N,,
Daniela,S,,
Danielle,N,,
Danila,S,F,
Danilo,S,,
Danina,N,,
Danir,N,,
Danis,N,,
Danise,N,,
Danish,N,,
Daniza,N,,
Dante,S,M,
Danúbia,N,,
Dany,N,,
Daphne,N,,
Dara,S,F,
Darci,S,,como segundo elemento do nome
Darcília,S,,
Dárcio,S,,
Darcy,N,,
Dária,N,,
Darine,N,,
Dario,S,M,
Dário,S,M,revoga o despacho de 23-01-2006
Darius,N,,
Darlene,S,,
Darlindo,N,,
Darnel,N,,
Darnela,S,F,
Dart,N,,
Darvin,N,,
Das Candeias,N,,
Daulina,N,,
Daurante,N,,
Davi,S,M,revoga o despacho de 03-07-1975
David,S,,
David de Assis,S,M,conjunto onomástico
David Santa Cruz,S,,despacho de 16-12-1998
Davide,S,,
Davina,S,,
Davínia,S,F,
Davy,N,,
Dayenne,N,,
De Arcelis,N,,
Dea,N,,
Deandra,N,,
Deandro,N,,
Débora,S,,
Deborah,N,,
Décia,S,,
Décimo,S,M,
Degues,N,,
Deidra,N,,
Deisa,N,,
Deise,S,F,
Déisi,N,,
Deivid,S,M,
Deize,N,,
Dejair,N,,
Dejalme,S,M,
Dejanira,S,,
Delani,N,,
Delany,N,,
Delbarque,N,,
Délcio,S,,
Delduque,N,,
Dele,S,F,
Deledina,N,,
Delfim,S,,
Delfino,S,M,
Délia,S,,
Deliana,S,F,
Délio,S,M,
Delisa,S,,
Delman,N,,
Delmano,S,M,
Delmar,S,M,
Delmina,S,F,
Delminda,S,,
Delmira,S,F,
Delmiro,S,,
Delson,N,,
Delta,N,,
Deltina,N,,
Delton,N,,
Délvia,N,,
Delza,N,,
Demelza,S,,
Deméter,S,F,
Demétria,S,F,
Demétrio,S,,
Demétrios,N,,
Dener,S,M,
Déni,N,,
Dénia,N,,
Denil,S,M,
Dénil,N,,
Denilson,N,,
Dénio,N,,
Denis,S,,"sendo preferível ""DINIS"" evolução  mais actual"
Dénis,N,,
Denisa,S,F,
Denise,S,F,
Deny,N,,
Deodata,S,,
Deodete,S,F,
Deolindo,S,,
Deonel,N,,
Deonilde,S,,
Deopátria,N,,
Deotila,S,,
Deótila,S,,
Deotília,N,,
Dércio,S,,
Dérgia,N,,
Derisa,N,,
Derlinda,N,,
Derocila,S,,
Deroso,N,,
Desclos,N,,
Desiré,N,,
Deus,S,,"como segundo elemento do nome, precedido da partícula ""de"""
Deusa,N,,
Deusa Bela,N,,
Deusabela,N,,
Deusdedito,S,,
Deusidino,N,,
Deva,N,,
Devis,N,,
Dgiovanna,N,,
Dhruva,S,M,
Dialina,N,,
Diamantina,S,,
Diamantino,S,,
Diana,S,,
Diandra,N,,
Didaco,S,,
Didália,N,,
Dídia,S,F,
Didiana,S,F,
Didier,N,,
Diego,S,M,
Dieter,S,M,
Digna,S,,
Dilan,S,M,
Dilane,N,,
Dilar,N,,
Dilara,N,,
Dilarmando,N,,
Dilea,N,,
Dilene,N,,
Dilermando,S,M,
Dília,N,,
Diliana,S,,
Dillarde,N,,
Dilli,N,,
Dilma,N,,
Dilora,N,,
Dilsa,S,,
Dilson,N,,
Dilva,N,,
Dilza,N,,
Dimas,S,M,
Dina,S,,
Diná,S,F,
Dinah,N,,
Dinamarquina,N,,
Dinamene,S,,
Dinar,N,,
Dinara,N,,
Dinarda,S,F,
Dinare,N,,
Dinarta,S,F,
Dinarte,S,M,
Dineia,S,F,
Dinêz,N,F,
Dinis,S,,
Dinisa,N,,
Dinita,N,,
Diniz,N,,
Dinízia,N,,
Dino,S,,
Dinora,S,,
Dioclécio,S,M,
Diogho,N,,
Diogo,S,,
Diogo Maria,S,M,
Diolária,N,,
Dione,S,,
Dionilde,S,,
Dionísia,S,,
Diorema,N,,
Diorino,N,,
Diosália,N,,
Diotil,N,,
Diquel,N,,
Dirajaia,N,,
Dirce,S,,
Dircea,S,F,
Dircila,S,,
Dircília,N,,
Dírio,S,M,
Dirk,N,,
Dirla,N,,
Dirque,S,M,
Disa,S,,
Distefano,N,,
Distéfano,N,,
Ditza,S,,
Diva,S,,
Divaldo,N,,
Divinando,N,,
Divo,S,,
Diza,S,,"preferível ""DISA"""
Dizinai,N,,
Djalma,S,M,
Djalme,S,M,
Djalmo,S,,
Djamila,S,,"preferível ""JAMILA"""
Djamília,N,,
Djanira,N,,
Djassi,N,,
Djon,N,,
Djori,N,,
Dmitri,N,,
Dmitriy,N,,
Dmitro,N,,
Do Sorriso,N,,
Dobela,N,,
Dolbeth,N,,
Dóli,N,,
Dolique,N,,
Dólique,S,F,
Dolka,N,,
Dolores,S,,
Dolorinda,N,,
Dolson,N,,
Dom,N,,
Domicilia,N,,
Domingas,S,,
Domingos,S,,
Domingues,N,,
Dominiana,N,,
Dominic,N,,
Dominica,N,,
Domínico,S,,
Dominik,N,,
Dominique,N,,
Domitila,S,,
Domitília,S,F,
Donaldo,S,M,
Donatela,N,,
Donatila,S,,
Donato,S,M,
Doncília,N,,
Doner,N,,
Donglas,N,,
Donzélia,S,F,
Donzília,S,,
Donzílio,S,,
Dora,S,,
Doralice,S,F,
Doralicia,N,,
Dorbalino,N,,
Dórdio,N,,
Doreana,N,,
Doreen,N,,
Dores,N,,
Dória,N,,
Doriana,S,,
Doriano,N,,
Dóriclo,S,M,
Dorico,N,,
Dorilde,N,,
Dorina,S,,
Dorinda,S,,
Dorine,S,,"preferível ""DORINA"""
Dóris,S,,
Dorisa,S,,
Dorita,N,,
Dositeu,S,,
Douda,N,,
Douglas,N,,
Drago,N,,
Drumond,N,,
Druscila,N,,
Drusila,S,F,
Druso,S,M,
Duarte,S,,
Duartina,S,,
Duílio,S,M,
Dulce Amparo,N,,
Dulce do Amparo,S,,
Dulcelina,S,,
Dulcídia,S,,
Dulcina,S,,
Dulcinda,N,,
Dulcínea,N,,
Dulcineia,S,,
Dulcínia,N,,
Dulcínio,S,M,
Dulcite,N,,
Duldínia,N,,
Dúlia,S,,
Dunária,N,,
Dúnia,S,,
Dúnio,S,,
Durão,N,,
Durbalino,S,,"preferível ""DURVALINO"""
Durique,N,,
Durval,S,,
Durvalino,S,,
Duter,N,,
Dúval,N,,
Duval,N,,
Dylan,N,,
Eanes,N,,
Éarco,N,,
Eárine,S,F,
Eberardo,S,M,
Ebrard,N,,
Eça,N,,
Eda,S,,
Edaleto,N,,
Edar,N,,
Eddy,N,,
Edelair,N,,
Edemar,N,,
Edeme,N,,
Eden,N,,
Eder,S,M,"preferível ""ÉDER"""
Edera,N,,
Edéria,S,,
Edgar,S,,
Edgard,N,,
Édi,S,,
Edilásio,N,,
Edilson,N,,
Edina,S,F,
Edine,S,F,
Édinho,N,,
Édipo,S,M,
Edir,S,M,
Edison,N,,
Edite,S,,
Edith,S,F,
Edjine,N,,
Edla,N,,
Edma,S,F,
Edmar,N,,
Edmaro,N,,
Edmero,S,M,
Edmilson,N,,
Edmilton,N,,
Edmur,S,,
Edmure,N,,
Edna,S,,
Ednice,N,,
Edo,S,,
Edoína,N,,
Edra,N,,
Edson,N,,
Eduardina,N,,
Eduartino,S,M,
Eduina,S,,
Eduíne,N,,
Eduíno,S,M,
Edvânia,N,,
Edviges,N,,
Edvino,S,,
Edvis,N,,
Edwin,N,,
Ega,N,,
Egídio,S,,
Egil,S,,
Eglantina,S,,
Ehola,N,,
Eládio,S,,
Elaine,N,,
Elana,S,F,
Elba,N,,
Elberto,N,,
Elca,S,F,
Elcínia,N,,
Élcio,N,,
Elda,S,,
Elder,N,,
Eldon,N,,
Elduara,N,,
Eléa,N,,
Eleanor,N,,
Eleazar,S,M,
Electra,S,F,
Eleia,S,F,revoga o despacho de 14-04-1981
Eleine,S,F,
Elektra,N,,
Elena,S,F,
Eleonor,S,,
Eleonora,S,,
Eleutério,S,,
Elgar,S,M,
Elgina,N,,
Eli,S,M,
Élia,S,F,
Eliab,S,M,
Eliabe,N,M,
Eliana,S,F,
Eliandro,N,,
Eliane,S,F,revoga o despacho de 05-11-1973
Eliano,S,,
Elianor,N,F,
Elias,S,M,
Eliasar,N,,
Elícia,S,F,
Élida,N,,
Elidaniel,N,,
Elídio,N,,
Elienai,N,,
Eliete,S,F,
Eliezer,S,M,
Eliézer,S,M,
Eliliana,N,,
Elimando,N,,
Élin,S,F,
Elina,S,F,
Eline,S,F,
Elinei,N,,
Élio,S,M,
Elioenai,S,M,
Élis,N,,
Elisabeta,S,,
Elisabete,S,,
Elisabeth,S,F,
Elisama,S,,
Elisangela,N,,
Elisângela,N,,
Elisar,N,,
Eliseba,S,F,
Elisete,S,,
Eliseu,S,M,
Elisheba,N,,
Elísia,S,,
Elisiário,S,,
Elita,N,,
Elizabete,N,,
Ellen,N,,
Elli,N,,
Elma,S,,
Elmano,S,M,
Elmar,S,,
Elmer,S,,
Elmina,N,,
Elmira,S,,
Elmiro,N,,
Elmute,N,,
Eloá,S,F,
Elodi,N,,
Elodia,S,,
Elódia,S,,
Elói,S,,
Eloina,N,,
Eloisa,S,,
Eloise,N,,
Elora,N,,
Elpídio,S,,
Elsa,S,,
Else,N,,
Elser,N,,
Elsinda,S,F,
Élsio,S,,
Elso,N,,
Élson,S,,
Élton,S,,
Eluína,S,,
Eluisa,N,,
Elva,S,F,
Elvina,S,,
Elvino,S,,
Elvis,N,,
Ely,N,,
Elza,S,F,
Elzeário,S,M,
Elzinda,N,,
Elzo,S,M,
Ema,S,F,
Ema do Carmo,S,F,
Emanuel,S,,
Emanuela,S,,
Emaús,S,,
Emeline,N,,
Emerson,N,,
Emídia,S,,
Emídio,S,M,
Emília,S,F,
Emília do Mar,S,F,
Emiliana,S,F,
Emilie,N,,
Emiline,N,,
Emily,N,,
Emirane,N,,
Emitério,N,,
Emma,N,,
Emmanuelite,N,,
Emo,S,M,
Encarnação,S,F,
Endara,N,,
Endiára,N,,
Endriquice,N,,
Eneia,N,,
Eneida,N,,
Eneide,N,,
Eneiva,N,,
Enes,S,M,
Engelécia,S,F,
Engrácio,S,M,
Énia,S,,
Enide,S,F,
Enilda,S,,
Énio,S,,
Enoé,N,,
Enoque,S,M,
Enrico,N,,
Enrique,S,M,
Enzo,S,M,
Éola,S,F,
Eponina,S,,
Érbi,N,,
Ercídia,N,,
Ercília,S,,
Ercílio,S,,
Eremira,N,,
Erga,N,,
Eriana,N,,
Eribar,N,,
Eriberto,N,,
Eric,S,M,
Erica,S,F,
Érica,S,F,
Ericina,N,,
Erico,S,M,
Érico,S,M,
Erik,S,M,
Erika,S,F,revoga o despacho de 25-03-2008
Erineia,N,,
Erique,S,M,
Éris,S,F,
Erménia,N,,
Erméria,S,F,
Ermida,N,,
Erminda,N,,
Ermitério,S,M,
Ernâni,S,M,
Ernasil,N,,
Eros,N,,
Erpídio,N,,
Erse,N,,
Esabela,N,,
Esaú,S,M,
Esbelinha,N,,
Escobar,N,,
Esmael,N,,
Esmelcio,N,,
Esmélcio,N,,
Esmerala,N,,
Esmeralda,S,F,
Esmeraldo,S,M,
Esméria,S,,
Esmoriz,N,,
Esolete,N,,
Especiosa,S,F,
Esperança,S,,
Esperanço,N,M,
Espírito Santo,S,F,"como segundo elemento do nome - vocábulo gramatical composto"
Estaline,N,,
Estanislau,S,M,
Estéfana,S,F,
Estefani,N,,
Estefânia,S,F,
Estéfano,S,M,
Estela,S,,
Estelia,N,,
Estélio,S,M,
Estelita,N,,
Estelo,N,,
Ester,S,F,
Estêvão,S,,
Esther,N,,
Estrela,S,,
Etel,S,F,
Étel,S,F,
Etelca,S,F,
Etéria,S,F,
Ethel,N,,
Étienne,N,,
Etti,N,,
Eudora,S,F,
Eufélia,N,,
Eufémia,S,F,
Eula,N,,
Eularina,S,F,
Eulógio,S,M,
Eunara,N,,
Eunice,S,,
Eunícia,N,,
Eurica,S,,
Eurídice,S,,
Euridys,N,,
Eustácio,S,M,
Eutália,S,,
Euzélia,N,,
Eva,S,F,
Evaldo,S,M,
Evandra,S,F,
Evandro,S,M,
Evangelino,S,M,
Evangelista,S,M,
Evanilda,N,,
Evanina,N,,
Eve,N,,
Evedine,N,,
Evel,N,,
Evelácio,S,,
Evelásio,S,,
Eveli,N,,
Evelin,N,,
Evelina,S,F,
Eveline,S,F,
Evélio,S,,
Evelise,N,,
Evelyn,N,,
Evêncio,S,,
Everaldo,S,,
Everardo,S,,
Évila,S,F,
Evilásio,N,,
Evita,N,,
Evo,N,,
Excelsa,S,F,"no conjunto ""MARIA EXCELSA"""
Expedito,S,M,
Ezequiel,S,M,
Ezequiela,S,F,
Fábia,S,F,
Fabian,N,,
Fabiana,S,,
Fabiano,S,M,
Fabião,S,M,
Fabiela,N,,
Fábio,S,,
Fabíola,S,,
Fabrícia,S,,
Fabrício,S,,
Fabrízia,N,,
Fabrizida,N,,
Fafe,N,,
Falcão,S,,como segundo elemento do nome
Falco,S,M,
Fani,S,,
Fânia,S,,
Fanique,N,,
Fanny,N,,
Fantasia,N,,
Fantina,S,,
Fanuel,N,,
Fara,S,F,
Faradiba,N,,
Farida,S,F,
Farley,N,,
Faruk,N,,
Fatiana,N,,
Fátima,S,,
Faustino,S,M,
Fausto,S,M,
Faúzia,N,,
Favarte,N,,
Favelina,N,,
Fávio,N,,
Feba,S,,
Febe,S,,
Febin,N,,
Federico,N,,
Fedka,N,,
Fédora,S,F,
Fedra,S,F,
Feitor,N,,
Felábia,N,,
Felícia,S,F,
Feliciana,S,F,
Felicidade,S,,
Felicíssimo,S,M,
Felipa,N,,
Felipe,N,,
Felisbela,S,,
Felisbina,S,,
Felisindo,N,,
Felismina,S,F,
Félix,S,,
Feliz,S,M,
Feliza,N,,
Fenícia,N,,
Ferdinando,S,M,
Fermino,N,,
Fernanda dos Milagres,S,,
Fernandina,S,,
Fernandino,S,,
Fernão,S,M,
Fernão de Magalhães,S,M,
Ferrer,S,M,
Fiama,S,,
Fiana,N,,
Fidá,N,,
Fidalgo,N,,
Fidel,N,,
Fidélia,S,,
Fidélio,S,M,
Filémon,S,,
Filena,S,,
Fileta,N,,
Filino,S,M,
Filinto,S,M,
Filipa,S,,
Filipa de Nazaré,S,,conjunto onomástico
Filipe,S,M,
Filipe de Néri,S,,conjunto onomástico
Filipina,N,,
Filipo,S,M,
Filomena,S,,
Filoménio,N,,
Filomeno,S,,
Filoteu,S,,
Fiona,S,,
Firmino,S,M,
Firmo,S,M,
Fitipaldi,N,,
Fitz,N,,
Flamínia,S,F,
Flávia,S,F,
Flávio,S,M,
Flin,N,,
Flor,S,F,
Flor de Ceres,S,F,conjunto onomástico
Flor de Maria,S,F,conjunto onomástico
Flora,S,,
Florbela,S,,
Florbela do Carmo,S,,
Florença,S,,
Florencia,S,,
Florentino,S,M,
Flória,S,F,
Floriana,S,,
Florimena,N,,
Floriosa,N,,
Floripes,S,F,
Florisa,S,F,
Florisbela,S,,
Florisdália,N,,
Florival,S,,
Florluisa,N,,
Fluvio,N,,
Forjaz,N,,
Fradique,S,M,
França,N,,
Francília,S,,
Francina,S,,
Franciné,N,,
Francinete,N,,
Francisca,S,F,
Francisco de Assis,S,,
Francisco de Borja,S,,conjunto onomástico
Francisco de Sales,S,,
Francisco dos Ramos,N,,
Francisco Maria do Carmo,N,,
Francisco Marto,S,M,conjunto onomástico
Francisko,N,,
Franciso,N,,
Franclim,S,,
Franco,S,,
Frank,N,,
Franklim,S,M,
Franklin,S,M,
Franklino,S,M,
Franque,N,,
Franz,N,,
Franzina,N,,
Fraternidade,N,,
Frazine,N,,
Fred,S,,
Freda,N,,
Frede,S,,
Frederic,N,,
Frederica,S,F,
Frederico,S,,
Frederico Bárbara,S,,conjunto onomástico
Fredi,N,,
Fredo,S,,
Fúlvio,S,,
Futre,N,,
Gabi,S,,
Gabiana,N,,
Gabínio,S,M,
Gabino,S,,
Gabriel,S,M,
Gabriela,S,F,
Gael,N,,
Gaela,S,,
Gaele,S,,
Gaia,S,F,
Gáil,S,,
Gal,N,,
Gala,S,F,
Galeano,N,M,
Galhardo,N,M,
Galiano,S,M,
Galileu,S,M,
Gamaliel,S,,
Gamaniel,N,,
Gandhi,N,,
Gandi,N,,
Gaori,S,F,"admitido apenas no condicionalismo presente ou idêntico"
Gaorii,S,F,"Admitido apenas no condicionalismo da Lei da Liberdade Religiosa"
Garcia,S,M,
Gardel,N,,
Gardela,S,F,
Gardine,N,,
Garibaldi,N,,
Garibaldina,N,,
Garibaldino,N,,
Garibaldo,S,,
Garrete,N,,
Gasiba,N,,
Gaspar,S,M,
Gastão,S,,
Gávio,S,M,
Geancarlo,N,,
Gedeão,S,M,
Geir,N,,
Geisa,S,,
Geiza,N,,
Gena,N,,
Genaro,N,,
Genciana,S,F,
Genésia,S,F,
Genésio,S,,
Génesis,N,,
Gênesis,N,F,
Gentil,S,M,
George,N,,
Georgeta,S,,
Georgete,S,,
Geórgia,S,F,
Georgiana,N,,
Georgina,S,,
Georgino,S,M,
Geovana,N,,
Geovani,N,,
Gera,N,,
Geraldina,S,F,
Geraldine,N,,
Geraldo,S,M,
Gerard,N,,
Gerardo,S,,como segundo elemento do nome
Gerberto,S,M,
Gerda,S,F,
Germano,S,M,
Germina,N,,
Germinal,N,,
Gerónimo,N,,
Gersão,S,,
Gersia,N,,
Gerso,N,,
Gerson,S,M,
Gerta,S,F,
Gerusa,N,,
Gésaro,N,,
Gesélia,N,,
Géssi,N,,
Ghislaine,N,,
Giana,S,F,revoga o despacho de 04-11-1974
Giana Lai,N,,
Giani,S,M,
Gianluca,N,,
Gião,N,,
Gideão,N,,
Gil,S,M,
Gil de Borja,N,,vocábulo gramatical composto
Gilbério,N,,
Gilberta,S,F,
Gilda,S,,
Gildásio,S,M,
Gildo,S,M,
Gileade,S,M/F,como segundo elemento do nome feminino
Gilesson,N,,
Gília,N,,
Gilma,S,F,
Gilmar,N,,
Gilson,N,,
Gimeno,S,M,
Gina,S,,
Ginestal,S,M,
Ginete,N,,
Ginja,N,,
Gino,S,M,
Gio,N,,
Gioconda,S,,
Giordano,N,,
Giorgio,N,,
Giovana,S,F,
Giovani,S,M,
Giovanna,N,,
Giraldina,S,F,
Girel,S,F,
Giriel,N,,
Girina,N,,
Gisela,S,,
Giselda,S,,
Gisélia,N,,
Gisete,S,,
Gislaine,N,,
Gislena,S,,
Gislene,S,,
Gizeh,N,,
Glacilde,N,,
Glaúcia,S,M,
Glenda,S,,
Glicínia,S,,
Gloriosa,S,,
Goa,N,,
Goma,S,M,
Gomes,S,,
Gonçala,S,F,
Gonçalo,S,,
Gonçalves,N,,
Gonzaga,S,,
Goreti,S,F,
Goreti Sofia,S,F,conjunto onomástico
Graal,N,,
Graça,S,F,
Graça de Maria,N,,
Graça Leonor,S,,
Gracelinda,N,,
Grácia,S,F,
Graciana,S,F,
Graciano,S,M,
Graciela,S,,
Graciete,S,,
Gracília,N,,
Graciliana,S,F,
Graciliano,S,M,
Gracinda,S,F,
Grácio,S,,
Graciosa,S,,
Gradiel,N,,
Gral,N,,
Granger,N,,
Gravelina,S,,
Gravinda,N,,
Gregória,S,F,
Gregório,S,M,
Greice,N,,
Greta,S,F,
Grimanesa,S,F,
Grisando,N,,
Guadalupe,S,,
Gualdim,S,M,
Gualter,S,,
Guarani,S,,como segundo elemento do nome
Gueir,S,M,
Guendolina,S,F,
Guendoline,N,,
Guerra,N,,
Guevara,N,,
Gui,S,M,
Guida,S,,
Guido,S,,
Guiléna,N,,
Guiléne,N,,
Guilherme,S,,
Guili,N,M,
Guimar,S,M/F,como segundo elemento do nome masculino
Guimiliano,N,,
Guiome,N,,
Guislena,S,,
Guislene,S,,
Gumercindo,N,,
Gumersindo,S,,
Gumesindo,S,M,"preferível ""GUMERSINDO"""
Gusmão,S,M,
Gustavo,S,,
Gustavo São Romão,S,M,
Guterre,S,,
Gutierre,N,,
Guto,N,,
Guy,N,,
Habacuc,S,,
Habacuque,S,,
Hadassa,S,,
Hádrina,N,,
Haidé,S,,
Haiden,N,,
Hailé,N,,
Hálea,N,,
Hália,S,,
Hamilton,S,M,
Haraldo,S,M,
Hari,N,,
Harley,N,,
Haroldo,S,M,
Hashmukh,N,,
Havanessa,N,,
Havaneza,N,,
Hazael,S,M,
Hebe,S,,
Héber,S,,
Hectror,N,,
Heda,S,F,
Heder,N,,
Hédila,S,,
Hédison,N,,
Hedra,N,,
Hedviges,S,,
Heidi,N,,
Hélcio,N,,
Helda,S,,
Heldemar,N,,
Heldemaro,S,,
Hélder,S,,
Heldo,S,M,
Helena,S,,
Helga,S,,
Heli,S,,
Hélia,S,,
Heliana,S,F,
Helier,S,,
Hélio,S,M,
Heliodoro,S,,
Hellesten,N,,
Helmer,N,,
Hélmut,S,,
Helois,N,,
Heloísa,S,,
Heloisa,N,,
Heloise,N,,
Hélvio,S,M,
Hemaxi,S,,
Hemetério,S,M,
Hemitério,S,M,
Hendrix,N,,
Henoch,S,M,
Henrieta,N,,
Henrique,S,M,
Henrique de Santa Maria,S,,"""Santa Maria"" vocábulo gramatical composto"
Henrique Musa,S,M,
Henriques,N,,
Henriqueta,S,F,
Henriquina,N,,
Heola,N,,
Hera,N,,
Heraldo,S,,
Herberto,S,M,
Herbi,N,,
Hercília,N,,
Herculano,S,M,
Hérculo,N,,
Herdêen,N,,
Herédia,S,,como segundo elemento do nome
Herédio,S,M,
Herénia,S,F,
Heriberto,S,M,
Herlander,S,,
Herlando,N,,
Herlano,N,,
Hérman,S,M,
Hermana,S,F,
Hermânia,S,F,
Hermano,S,,
Hermenegilda,S,F,
Herménia,N,,
Hermes,S,M,
Hermínia,S,F,
Hermitério,S,M,
Hernâni,S,M,
Hernany,N,,
Heroína,N,,
Heros,N,,
Hersília,S,F,
Hervê,S,,
Herve,N,,
Hervé,N,,
Hetal,N,,
Hetel,N,,
Hiará,N,,
Higino,S,M,
Higo,N,,
Hilária,S,,
Hilary,N,,
Hildeberto,S,M,
Hildebrando,S,,
Hildegardo,S,,
Hilier,N,,
Hilma,S,,
Hiola,N,,
Hipólito,S,M,
Hiraldo,N,,
Hirineu,N,,
Hirondino,S,M,
Hitilde,N,,
Hoctror,N,,
Holden,N,,
Hólger,S,,
Homem,N,,
Homero,S,M,
Honara,N,,
Honorato,S,,
Honorina,S,F,
Honorita,N,,
Horácio,S,M,
Hortense,S,,
Hortênsia,S,,
Hórus,N,,
Hosana,N,,
Hossana,N,,
Hudilina,N,,
Huga,N,,
Hugo Leal,S,M,só no conjunto
Huguete,S,,
Huiltone,N,,
Huirá,N,,
Hulda,S,,
Iag,S,M,
Iago,S,M,
Ian,S,M,
Iana,S,F,
Ianco,N,,
Iane,N,,
Ianesis,S,F,como segundo elemento do nome
Iani,N,,
Ianic,N,,
Ianis,S,M,
Iara,S,,
Iasmin,S,F,
Iasmina,S,F,
Iasmine,N,,
Iazalde,N,,
Ibérico,S,M,
Iberina,S,,
Ícaro,S,,
Ida,S,,
Idalécio,N,,
Idalete,S,,
Idália,S,,
Idaliana,N,,
Idalina de Fátima,S,,
Idalinda,N,,
Idálio,S,,
Idalisa,N,,
Idário,S,M,
Idavide,S,M,
Idélia,S,F,
Idelsa,N,,
Idelso,S,M,
Idémia,N,,
Idevor,N,,
Idiana,N,,
Idília,S,F,
Idílio,N,,
Idina,N,,
Idio,N,,
Idriss,N,,
Idrisse,S,F,
Iecatarina,N,,
Ieva,N,,
Igelcemina,S,,
Iglantina,N,,
Iglesias,N,,
Ignês,N,,
Ignez,S,F,
Igo,N,,
Igor,S,,
Igualdade,N,,
Iktan,N,M,
Iládio,N,,
Ilaide,N,,
Ilca,S,F,
Ilda Manuel,S,,
Ilde,N,,
Ildeberto,N,,
Ildete,N,,
Ildo,S,,
Iliana,N,,
Iliatam,N,,
Ilibertino,N,,
Ilícia,N,,
Ilidaniel,N,,
Ilídia,S,,
Ilídio,S,M,
Iliena,N,,
Iliésar,N,,
Ilísia,N,,
Ilívio,N,,
Ilma,N,,
Ilsa,S,F,
Ilse,S,F,
Ilsía,N,,
Ílsia,N,,
Ilson,N,,
Ilundi,S,F,só em  nome composto
Ilusinda,N,,
Ilva,N,,
Ima,S,F,revoga os despachos de 01-06-1998 e 12-10-2003
Imaculada,N,,
Imael,N,,
Imaiar,N,,
Imirane,N,,
Imirene,N,,
Immanuel,N,,
Imperatriz,N,,
Ina,N,,
Inae,N,,
Inanabel,N,,
Inara,N,,
Indalécio,S,,
Indaleta,S,,
Indara,N,,
India,S,F,
Indina,N,,
Indio,N,,
Indira,S,F,
Indra,S,M,como segundo elemento do nome masculino
Indro,S,M,
Inês,S,F,
Inês de Assis,S,,
Inês de Maria,S,F,
Inês Pedro,S,,conjunto onomástico
Infante,S,M,
Infantina,N,,
Inga,S,,
Ingeburga,S,,
Ingelburga,N,,
Inger,N,,
Ingo,S,,
Ingrid,S,F,revoga despacho de 24-08-1981
Ingrida,N,,
Íngride,S,F,
Íngue,S,,
Inizia,N,,
Injai,N,,
Inma,N,,
Inocência,S,F,
Inocêncio,S,M,
Inoi,S,F,
Inzelino,N,,
Io,S,F,
Iô,N,,
Ioan,N,M,
Iochabel,N,,
Iola,N,,
Iolanda,S,,
Iolando,N,,
Ioli,N,,
Iona,N,,
Ionara,S,F,
Ione,S,,
Iono,N,,
Ioque,S,F,
Iracema,S,,
Iradima,N,,
Iráis,S,F,
Iraldo,N,,
Irca,N,F,
Ircília,N,,
Irema,N,,
Irenea,N,,
Ireneia,S,,
Iria,S,F,
Iriana,S,F,revoga o despacho de 14-04-1981
Irina,S,,
Irineu,S,M,
Íris,S,F,
Irisa,N,,
Irisalva,S,,
Irísia,N,,
Iriza,N,,
Irízia,N,,
Irlandina,N,,
Irma,S,,
Irmânio,N,,
Irménia,N,,
Irmino,S,M,
Irolinda,N,,
Irondino,N,,
Irsília,N,,
Isa,S,,
Isaac,S,M,
Isabela,S,,
Isabelina,S,F,
Isabella,N,F,
Isabete,N,,
Isac,S,M,"preferível ""ISAQUE"""
Isadora,S,,
Isael,S,M,
Isaí,S,M,
Isaíra,N,,
Isalda,S,F,
Isália,S,,
Isalina,S,,
Isalinda,N,,
Isalino,N,,
Isalita,N,,
Isalta,N,,
Isamara,N,,
Isandro,S,M,
Isaque,S,M,
Isaquelino,N,,
Isaquiel,N,,
Isaulindo,N,,
Isaura,S,F,
Isaurinda,S,F,
Isauro,S,,
Isidéria,N,,
Isidoro,S,M,
Isidro,S,M,
Isilda,S,,
Isildo,S,M,
Isis,S,F,
Ismael,S,M,
Ismália,S,,
Ismanuel,N,,
Isnandel,N,,
Isnando,N,,
Isobel,N,,
Isolda,S,,
Isolete,S,,
Isolina,S,,
Isolino,S,,
Israel,S,,
Issacar,N,,
Itaca,N,,
Ítalo,S,,
Itiene,N,,
Iunara,N,,
Iuran,N,,
Iúri,S,,
Iva,S,,
Ivaldo,N,,
Ivan,S,,
Ivana,S,F,
Ivanda,N,,
Ivandra,N,,
Ivandro,N,,
Ivane,N,,
Ivanhoé,N,,
Ivani,N,,
Ivânia,S,,
Ivanildo,N,,
Ivanilton,N,,
Ivanin,N,,
Ivanir,N,,
Ivano,N,,
Ivanoel,S,,
Ivanoela,S,,
Ivanoi,N,,
Ivanova,N,,
Íven,S,,
Ivens,N,,
Iverina,N,,
Ivete,S,F,
Ivette,N,,
Ivo,S,M,
Ivone,S,,
Ivonete,N,,
Ivoniana,N,,
Ivonilda,N,,
Izac,N,,
Izalino,S,M,
Izalita,N,,
Izaque,N,,
Izequiel,N,,
Izidoro,N,,
Izidro,N,,
Izinaides,N,,
Jabes,S,M,
Jabim,S,M,
Jaciara,N,,
Jacil,N,,
Jacira,S,,
Jacó,S,M,
Jacob,S,M,"preferível ""JACÓ"""
Jácome,S,M,
Jade,S,,como segundo elemento do nome
Jader,S,M,
Jadir,S,M,
Jael,S,F,
Jaia,N,,
Jaiana,N,,
Jaiantcumar,N,,
Jailson,N,,
Jainete,N,,
Jair,S,M,
Jairo,S,M,
Jal,N,,
Jalma,N,,
Jalmira,S,,
Jalon,N,,
James,S,M,
Jamila,S,,
Jamília,S,,
Jamim,S,M,
Jamine,N,,
Jana,N,,
Janai,S,M,
Janaína,S,,
Janardo,S,M,
Janatel,N,,
Jandira,S,,
Jane,N,,
Janes,N,,
Janet,N,,
Janete,S,,
Jani,S,F,
Jânia,S,,
Janiana,N,,
Janice,S,,
Janículo,N,,
Janina,S,,
Janine,S,,
Janique,S,M,
Jansénio,S,,
Januário,S,M,
Jaque,S,M,
Jaquelina,S,,
Jaqueline,S,,"preferível ""JAQUELINA"""
Jaque-line,N,,
Jaquelino,N,,
Jaques,S,,
Jarbas,S,,
Jardel,S,M,
Jardi,N,,
Jarod,N,,
Jasão,S,M,
Jaselina,N,,
Jasmim,S,M,
Jasmina,S,,
Jason,N,,
Jasson,N,,
Jassufina,N,,
Jau,N,,
Jazael,N,,
Jaziel,N,,
Jazilda,N,,
Jeana,N,,
Jeanete,S,F,
Jeanett,N,,
Jeanne,N,,
Jeannine,N,,
Jecina,N,,
Jeferson,N,,
Jéni,S,F,
Jeni,N,,
Jénifer,S,F,
Jennie,N,,
Jennifer,N,,
Jenny,N,,
Jens,N,,
Jenú,N,,
Jeovane,N,,
Jerôme,N,,
Jerónimo,S,M,
Jerson,N,,
Jerusa,S,,
Jess,N,,
Jessé,S,M,
Jéssi,N,,
Jessia,N,,
Jéssica,S,F,
Jessie,N,,
Jesualdo,S,M,
Jesué,N,,
Jesufina,N,,
Jesus,S,,
Jesus Cristo,N,,
Jetro,S,,
Jezabel,S,F,
Jil,S,F,
Jill,N,,
Jilson,N,,
Jim,N,,
Jimmy,N,,
Jisára,N,,
Jitendra,S,,
Jivago,N,,
Jó,S,,
Joabe,S,M,
Joana,S,F,
Joana Bem,S,F,
Joana do Mar,S,F,
Joanina,S,,como segundo elemento do nome
Joaninha,S,F,
João-Dinis,N,,
Joás,S,M,
Job,S,M,
Jobelina,N,,
Jocelina,S,,
Jocelino,S,,
Jochua,N,,
Jociano,S,M,
Jodi,N,,
Jodie,N,,
Joe,N,,
Joed,N,,
Joel,S,,
Joela,S,,
Joele,S,F,
Joelma,S,,
Joelson,N,,
Jofre,S,M,
Johann,N,,
Joi,N,,
Joiane,N,,
Joice,S,F,
Jonas,S,,
Jonatã,S,M,
Jonata,N,,
Jonatan,N,,
Jónatas,S,M,
Jonathan,N,,
Jone,N,,
Jones,N,,
Jóni,S,M,
Joraci,S,F,
Jorai,N,,
Jordana,S,,
Jordano,S,M,
Jordão,S,,
Jordi,N,,
Jorge,S,M,
Jorgelina,N,,
Jorgia,N,,
Jorgina,S,,
Jório,S,M,
Jorito,N,,
Jorja,S,,
Jorsina,N,,
Josabete,S,,
Josabette,N,,
Josana,S,F,
Joscelina,S,,
Joscelino,S,,
Jôse,N,,
José da Ressureição,S,,
José de Jesus,S,M,
José dos Reis,S,M,
Joseane,N,,
Joséfa,S,F,
Josefina,S,,
Josefo,S,,
Josel,N,,
Joselene,S,,
Josélia,S,,
Joselina,S,,
Joselindo,S,,
Joseline,N,,
Joselino,S,,
Joselito,N,,
Josemar,N,,
Josete,S,,
Joshua,N,,
Josiana,S,,
Josiane,S,,
Josias,S,M,
Josina,S,,
Jossara,N,,
Josselina,S,,
Josseline,N,,
Josselino,S,,
Josuana,S,F,
Josuane,N,,
Josué,S,,
Josy,N,,
Jovana,N,,
Jovelina,S,,
Jovelino,S,,
Jovenil,N,,
Jovete,N,,
Jovito,S,,
Joyce,N,,
Jubileu,N,,
Juca,N,,
Judá,S,,
Judas,S,,
Judia,N,,
Judice,N,,
Júdice,N,,
Judith,N,,
Juliana,S,F,
Juliano,S,M,
Julião,S,M,
Julien,N,,
Julinda,S,,
Júlio,S,M,
Juliska,N,,
Julita,S,,
Julius,N,,
Juna,S,F,
Júnia,S,F,
Júnio,S,M,
Júnior,S,,"como segundo nome, desde que o primeiro nome seja o mesmo no pai e no filho"
Juno,S,M,
Juraci,S,F,
Juráci,N,,
Juraciara,N,,
Juracyara,N,,
Jurema,N,,
Jurgen,N,,
Juscelina,N,,
Jusina,N,,
Jussana,N,,
Jussara,N,,
Juvelino,N,,
Juvenal,S,M,
Juvenil,N,,
Juventino,S,M,
Kabir,N,,
Kadir,N,,
Kadu,N,,
Kaique,N,,
Kali,N,,
Kaluxo,N,M,
Karen,S,F,
Karin,N,,
Karina,N,,
Karine,N,,
Karisa,N,,
Kate,N,,
Kathleen,N,,
Katia,S,F,revoga o despacho de 27-10-1969
Katie,S,F,
Katya,N,,
Katyuscia,N,,
Kauã,N,M,
Kayla,N,,
Kelly,S,F,revoga os despachos de 23-11-1979 e 09-10-2000
Kelson,N,M,
Kendal,N,,
Kennedy,N,,
Kévim,S,,
Kevin,N,,
Kiana,N,,
Kiara,N,,
Kiko,N,,
Kildare,N,,
Kim,N,,
Kimbo,N,,
Kínia,N,,
Kira,N,,
Kírio,N,,
Krunal,N,,
Kwacha,N,,
Kwai,N,,
Kwar,N,,
Kyara,S,F,
Lacerda,N,,
Lacínia,N,,
Lael,S,M,
Laércio,S,M,
Laerte,N,,
Laertes,S,M,
Laetícia,N,,
Lafaiete,N,,
Laia,N,,
Laide,N,,
Laila,S,F,
Laine,N,,
Laira,S,F,
Lais,S,F,
Laisa,N,,
Laíza,N,,
Lalandia,N,,
Lalesca,N,,
Lana,S,F,
Lancie,N,,
Lanea,N,,
Lania,N,,
Lano,N,,
Lara,S,,
Laranja,N,,
Larcher,N,,
Larisa,N,,
Larissa,S,F,
Laro,N,,
La-Salete,S,,como segundo elemento do nome
Lasha,N,,
Lassalete,N,,
Lau,N,,
Lauani,N,,
Laudénia,N,,
Laudeo,N,,
Laura do Mar,S,F,conjunto onomástico
Laureana,S,F,
Laureano,S,M,
Laurel,N,,
Laurénio,S,M,
Laurent,N,,
Laurentino,S,M,
Laurestim,N,,
Laurete,N,,
Lauriano,S,M,
Laurina,S,,
Laurinda,S,F,
Laurine,S,,"preferível ""LAURINA"""
Laurisabel,N,,
Lauro,S,M,
Laurodete,N,,
Lavínia,S,F,
Laysa,N,,
Lázaro,S,M,
Lea,S,,
Leah,N,,
Leal,S,M,
Leana,N,,
Leandra,S,,
Leandro,S,,
Leanor,S,F,
Leão,S,,como segundo elemento do nome
Léccio,S,M,
Lécio,S,M,
Lectícia,N,,
Leda,N,,
Ledice,N,,
Lee,N,,
Leena,S,,
Leeyang,N,,
Leia,N,,
Leicely,N,,
Leila,S,,
Leilane,N,,
Lei-Li,N,,
Leina,N,,
Leite,N,,
Lela,N,,
Lélia,S,,
Leliana,N,,
Lélis,N,,
Lello,N,,
Lellosera,N,,
Lelo,N,,
Lemuel,S,M,
Lena,N,,
Lenda,N,,
Leni,N,,
Lénia,S,,
Lenilson,N,,
Lenine,N,,
Lénio,S,M,
Lenira,S,F,
Lenise,N,,
Lenlson,N,,
Lenny,N,,
Lenon,N,,
Leo,S,,
Leoberto,S,M,
Leocádia,S,F,
Leolina,S,,
Leoménia,S,F,
Leonardina,S,,
Leonardo,S,M,
Leôncio,S,M,
Leone,S,,
Leonédia,N,,
Leonel,S,M,
Leonete,S,,
Leónia,S,,
Leonice,N,,
Leonício,S,,
Leonida,S,F,
Leonídia,S,,
Leonídio,S,M,
Leonila,S,,
Leonilda,S,,
Leonilde,S,,
Leonília,S,,
Leonis,N,,
Leonisa,S,F,
Leonissa,N,,
Leonor,S,,
Leonor de Jesus,S,F,
Leonor del Carmen,N,,
Leonor do Carmo,S,F,
Leonora,S,,
Leontina,S,,
Lércio,N,,
Leslei,N,,
Lester,N,,
Leta,S,F,
Letícia,S,,
Letízia,S,F,
Levi,S,,
Levina,S,F,
Li,N,,
Lia,S,,
Lia do Carmo,S,F,conjunto onomástico
Liam,N,,
Liana,S,F,
Lianda,N,F,
Liandra,N,,
Liane,S,F,
Lianor,S,F,
Liara,S,F,
Libelo,N,,
Liberal,S,,
Liberalina,S,F,
Liberdade,S,,
Libéria,S,F,
Libertária,S,F,
Libertário,S,M,
Liberto,S,,
Líbia,S,F,
Lici,S,F,
Lícia,S,F,
Liciano,N,,
Lícida,N,,
Lícidas,S,M,
Licínia,S,F,
Liciniano,S,M,
Licínio,S,M,
Lício,S,M,
Lida,N,,
Lidandia,N,,
Lídia José,S,,
Lidiana,S,F,
Lidiane,N,,
Lidineia,N,,
Lídio,S,,
Lidisse,N,,
Lidite,N,,
Lidomar,N,,
Lidório,S,,
Liduína,S,F,
Liedson,N,,
Liete,S,,
Lígia,S,,
Lígio,S,M,
Lilá,S,F,
Lila,S,,
Lília,S,,
Lilian,S,F,
Liliana,S,,
Liliane,S,,"preferível ""LILIANA"""
Liliano,S,,
Lilibete,N,,
Liliete,S,,
Lilita,N,,
Lilite,S,,
Lima,N,,
Lina,S,,
Linda,S,,
Lindaflôr,N,,
Lindalva,N,,
Lindani,N,,
Lindanor,N,,
Lindaura,N,,
Linder,N,,
Lindinalva,N,,
Lindo,N,,
Lindomiro,N,,
Lindonor,N,,
Lindorfo,S,M,
Lindoro,S,M,
Lineia,S,F,
Linela,N,,
Linésio,N,,
Linete,S,F,
Lineu,S,,
Línia,N,,
Linita,N,,
Lino,S,M,
Línton,S,,
Lintone,N,,
Lionel,N,,
Lira,S,F,
Líria,N,,
Liriana,N,,
Lis,S,F,
Lisa,S,,
Lisabeta,N,,
Lisana,S,,
Lisandra,S,,
Lisandro,S,M,
Lisângela,N,,
Lisboa,N,,
Lisdália,S,F,revoga o despacho de 31-10-1962
Liseta,S,,
Lisete,S,,
Lísia,N,,
Lisiana,N,,
Lisio,N,,
Lissa,N,,
Líster,N,,
Lisuarte,S,,
Lita,N,,
Litali,N,,
Lito,S,,
Litzia,N,,
Liuduvike,N,,
Lívia,S,F,
Liviana,N,,
Livramento,S,,"como segundo elemento do nome, precedido da partícula ""do"""
Liz,S,F,
Liza,N,,
Lizélia,S,F,
Lizete,N,,
Lizi,N,,
Lízi,S,F,
Lízie,S,F,"preferível ""LIZIA"""
Loana,N,,
Lobélia,N,,
Loela,S,F,
Loélia,N,,
Logan,N,,
Loïc,N,,
Loide,S,F,
Loki,N,,
Lola,N,,
Lólia,S,F,
Lolita,N,,
Londrim,N,,
Lopo,S,M,
Lora,N,,
Loredana,S,F,
Lorena,S,F,
Lorenne,N,,
Loreno,N,,
Lorenz,N,,
Lorenzo,N,M,
Loreta,S,,
Loreto,S,,como segundo elemento do nome
Lorina,S,,
Lorinda,N,,
Lorine,S,,"preferível ""LORINA"""
Lóris,N,,
Lorival,S,M,
Lorna,N,,
Loro,N,,
Loroto,N,,
Lotero,N,,
Lótus,S,,como segundo elemento do nome
Lou,N,,
Lougano,N,,
Lourel,N,,
Lourença,S,F,
Lourenço,S,,
Loureno,N,,
Louret,N,,
Lourine,N,,
Lourival,S,M,
Lua,S,F,
Luamar,S,F,
Luan,N,M,
Luana,S,,
Luar,N,,
Lubélia,S,F,
Lubliana,N,,
Luca,S,M,
Lucas,S,M,
Lucélia,S,,
Lucelinda,S,F,
Lucena,S,F,
Lucete,S,F,
Luci,N,,
Lúcia,S,F,
Lucialina,S,F,
Luciana,S,F,
Luciana da Conceição,S,F,
Luciane,N,,
Lúcida,N,,
Luciete,N,,
Lucileine,S,F,
Lucilene,N,,
Lucília,S,F,
Lucilina,S,F,
Lucílio,S,M,
Lucimeri,N,,
Lucina,S,,
Lucínio,S,M,
Lúcio do Rosário,S,M,
Lucíola,S,F,
Luciria,N,,
Ludgarda,N,,
Ludgero,S,,
Ludmila,S,,
Ludmilla,N,,
Ludovico,S,,
Ludovino,S,M,
Ludovique,N,,
Luduigue,N,,
Luege,N,,
Luegi,N,,
Luela,S,F,
Luélia,N,,
Luena,S,F,
Lugh,N,,
Luiana,N,,
Luis de Camões,N,,
Luís Figo,S,,só no conjunto
Luís Gonzaga,S,,
Luísa,S,,
Luisabete,N,,
Luisete,S,F,
Luisi,N,,
Luiz,N,,
Luizete,S,F,
Luizi,N,,
Lúmen,N,,
Lumena,S,,
Lumenia,N,,
Luna,S,F,
Lunda,N,,
Lúpus,N,,
Lura,N,F,
Lurdes,S,,
Lurdino,N,,
Lurdite,S,F,
Lusa,S,,
Lusanira,N,,
Lusíada,N,,
Luso,N,,
Lussinga,S,F,"só associado a um nome tradição onomástica portuguesa"
Lutero,S,M,
Lutgarda,S,F,
Luz,S,F,
Luzia,S,,
Luziana,N,,
Luziela,N,,
Luzinira,S,F,
Luzio,S,M,
Lwege,N,,
Lyra,N,,
Mabel,N,,
Mabela,N,,
Mabilda,S,,
Mabília,S,F,
Macati,S,,
Maciel,S,M,
Maciela,N,,
Madai,N,,
Madail,S,,
Madalena do Carmo,S,F,
Madaleno,S,M,
Madate,S,M,
Madath,N,,
Madeger,N,,
Madel,S,F,
Madhu,N,,
Madjer,S,M,
Madre de Deus,S,F,"como segundo elemento do nome - vocábulo gramatical composto"
Madu,S,M,
Mady,N,,
Mae,N,,
Mãe de Deus,N,,
Maeva,N,,
Mafalda,S,F,
Magalhães,N,,
Magali,S,,
Magalie,N,,
Magaline,S,,
Magda,S,,
Magdala,N,,
Magdalena,N,,
Magdo,S,,
Magna,S,,
Magnífica,N,,
Magno,S,,
Magnólia,S,F,
Magnus,N,,
Mago,S,M,
Mágui,S,,
Maguilde,N,,
Maia,S,F,
Maiara,S,F,
Maico,N,,
Maide,S,,
Maier,N,,
Maik,N,,
Maike,N,,
Maila,N,,
Maio,N,,
Maique,N,,
Mair,S,M,
Maira,S,F,
Maísa,S,,
Maitê,S,F,
Maitria,N,F,
Maiva,N,,
Maize,N,,
Malaibu,N,,
Malaica,N,,
Maldonado,N,,
Malena,S,F,
Malessa,N,,
Mali,N,,
Malisa,N,,
Malvina,S,,
Mamede,S,,
Mamia,N,,
Manassés,S,M,
Mandim,N,,
Mandolina,N,,
Manel,S,M,
Manilídia,N,,
Manoel,N,,
Manon,S,,
Manuel,S,,
Manuel dos Reis,S,M,
Manuelina,N,,
Manulo,N,,
Manza,N,,
Maomede,N,,
Mapril,S,M,
Mar,S,,como segundo elemento do nome
Mar e Sol,N,,
Mara,S,,
Maradona,N,,
Maraica,N,F,
Maralina,N,,
Marcantónio,N,,
Marcela,S,F,
Marcelitânia,N,,
Marcelo,S,M,
Márcia,S,,
Marcial,S,M,
Marciel,N,,
Marcília,S,,
Marcílio,S,,
Marcindo,N,,
Márcio,S,,
Marcírio,N,,
Marco,S,,
Marcos,S,,
Marcus,S,M,
Marelene,N,,
Marga,N,,
Margareta,S,,
Margarete,S,,
Margarido,S,M,
Margarita,N,,
Margherita,N,,
Marguereta,N,,
Marguerita,S,,
Marguerite,N,,
Mari,N,,
Mária,S,F,
Maria Antonieta,S,,
Maria Arlete,S,,
Maria Betânia,N,,
Maria Chantal,S,,
Maria da Adoração,N,,
Maria da Aleluia,N,,
Maria da Assunção,S,,
Maria da Bonança,S,,
Maria da Guia,S,,
Maria da Liberdade,S,,conjunto onomástico
Maria da Lua,N,,
Maria da Paixão,S,,
Maria da Paz,S,,
Maria da Penha,S,,
Maria da Pureza,S,,
Maria da Saúde,S,,
Maria da Trindade,S,,
Maria das Dores,S,F,
Maria das Graças,S,,
Maria das Neves,S,,
Maria David,S,F,conjunto onomástico
Maria de Begonha,S,,
Maria de Belém,S,F,
Maria de Betânia,S,,
Maria de Deus,S,,
Maria de Fátima,S,,
Maria de Guadalupe,S,,
Maria de Inês,S,F,conjunto onomástico
Maria de Jesus,S,,
Maria de La Salete,S,,
Maria de Lourdes,N,,
Maria de Lurdes,S,,
Maria de Maio,N,,
Maria de Monserrate,S,,
Maria de São José,S,F,
Maria de São Luis,N,,
Maria de São Pedro,S,,
Maria de Silmenho,S,F,conjunto onomástico
Maria de Vandoma,S,F,
Maria Delce,S,,
Maria do Carmo,S,F,
Maria do Castelo,S,,
Maria do Faro,S,,conjunto onomástico
Maria do Livramento,S,,
Maria do Loreto,S,F,
Maria do Mar,S,,
Maria do ó,S,F,
Maria do Pilar,S,F,conjunto onomástico
Maria do Sacramento,S,,vocábulo gramatical composto
Maria do Salvador,S,F,
Maria do Sameiro,S,,
Maria do Sinai,S,F,conjunto onomástico
Maria do Sol,N,,
Maria do Souto,S,,
Maria do Vale,S,,
Maria dos Anjos,S,F,
Maria dos Prazeres,S,,
Maria dos Remédios,S,F,
Maria dos Santos,S,,
Maria Estrela,S,,
Maria Flor,S,,
Maria Gabriel,S,,
Maria Goreti,S,,
Maria Imaculada,N,,
Maria Impéria,S,,
Maria Joanina,S,,
Maria Joel,S,,
Maria Laginha,S,F,
Maria Lua,S,F,
Maria Maior,S,F,
Maria Mar,S,F,
Maria Maria,S,F,
Maria Natal,S,,
Maria Papoila,N,,
Maria Perfeita,S,,
Maria Raul,S,,
Maria Sol,N,,
Maria Teresinha de Jesus,N,,
Maria Victória,S,F,conjunto onomástico
Maria-Luís de Cássia,N,,vocábulo gramatical composto
Mariam,N,,
Mariamar,S,F,
Mariame,S,F,
Marian,S,F,como segundo elemento do nome
Mariana,S,F,
Mariana de Jesus,S,F,
Mariana do Carmo,S,F,
Mariana Lua,S,F,
Mariane,N,,
Marianela,N,,
Mariângela,N,,
Mariano,S,M,
Maribel,S,F,
Maribela,N,,
Maricica,N,,
Maridele,N,,
Marie,N,F,
Mariel,N,,
Mariela,S,F,revoga o despacho de 23-08-1972
Mariema,S,F,
Marieta,S,,
Mariete,N,,
Marilande,N,,
Marilda,S,,
Marilena,N,,
Marilene,N,,
Marili,N,,
Marília,S,F,
Marilian,N,,
Marilim,N,,
Marilina,S,F,
Marilinda,N,,
Mariline,S,,
Marílio,S,,
Marilisa,S,,
Marilita,S,,
Marilú,N,,
Marilúcia,S,F,
Mariluz,S,F,revoga o despacho de 10-03-1982
Marilyne,N,,
Marina,S,,
Marinela,S,F,
Marinha,S,,
Marinho,S,,
Marino,S,M,
Marisa,S,,
Marisabel,N,,
Marise,S,,
Marisela,S,,
Marisete,N,,
Marisilda,N,,
Marisis,N,,
Marisol,S,F,
Maristela,N,,
Marita,S,,
Maritana,S,F,
Maritila,S,,
Marito,S,M,
Marius,N,,
Marizete,S,F,
Marjolaine,N,,
Marjolene,S,,
Mark,N,,
Marla,N,,
Marlei,N,,
Marlene,S,,
Marlenie,N,,
Márlenie,N,,
Marlete,N,,
Marley,N,,
Marli,S,,
Márlia,N,,
Marlice,N,,
Marlie,N,,
Marliese,N,,
Marlinda,N,,
Marline,N,,
Marlisa,S,,
Marlise,S,,"preferível ""MARLISA"""
Marlita,S,,
Marlo,N,,
Marlon,S,M,
Márlon,S,,
Marlos,N,,
Marluce,N,,
Marlúcia,N,,
Marlusa,N,,
Maroel,N,,
Marolo,S,,
Márolo,N,,
Marquesa,S,,
Marta Verónica,S,,
Martim,S,M,
Martin,N,,
Martina,S,,
Martine,N,,
Martinela,N,,
Martinha,S,,
Martinho,S,M,
Martiniano,S,M,
Martino,S,,
Martins,S,M,
Mártires,S,,"como segundo elemento do nome, precedido da partícula ""dos"""
Marto,S,M,
Marucas,N,,
Marvão,S,M,
Marvi,N,,
Márvia,S,,
Marvin,N,M,
Márvio,S,M,
Marx,N,,
Mary Ann,N,,
Marza,N,,
Mateo,N,,
Mateus,S,,
Matheo,N,,
Matheus,N,,
Mathias,N,,
Mathieu,N,,
Mathilde,N,,
Matias,S,M,
Matilda,S,F,
Matilde,S,F,
Matilde de Jesus,S,F,conjunto onomástico
Matilde de Paula,S,,conjunto onomástico
Matina,N,,
Mátio,S,M,
Matricolina,N,,
Matriza,N,,
Matrosa,S,,
Matsia,N,,
Matusalém,S,,
Maude,S,F,
Maulitano,N,,
Maura,S,,
Mauri,S,M,
Maurílio,S,,
Mauro,S,M,
Mavelete,S,,
Mavi,N,,
Mavilde,S,,
Mavília,S,F,
Max,S,,
Maxfrede,N,,
Maxfredo,N,,
Máxima,S,F,
Maximiano,S,M,
Maximino,S,M,
Máximo,S,M,
Maya,N,F,
Mayer,N,,
Mazantina,N,,
Mécia,S,F,
Mecildes,N,,
Mecília,S,,
Medina,N,,
Medusa,N,,
Mei,S,F,como segundo elemento do nome
Meiline,S,F,
Mel,S,M,
Mel,N,F,
Melani,N,,
Melânia,S,,
Melánie,N,,
Mélanie,S,F,
Melanie,N,,
Melba,N,,
Melbournia,N,,
Melco,S,,
Meliam,N,,
Melice,N,,
Melida,S,,
Melina,S,,
Melinda,S,,
Melisa,N,,
Melissa,S,,
Meliza,N,,
Melodia,S,F,
Melque,N,,
Melquisedeque,S,M,
Mélvin,S,,
Mem,S,M,
Mendo,S,,
Mendonça,N,,
Menita,N,,
Mercedes,S,,
Mercês,S,,
Mércia,S,F,
Mercília,S,,
Merita,S,F,
Merrita,S,,
Mesache,N,,
Mesaque,S,M,
Messias,S,,
Metim,N,,
Mia,S,F,
Micael,S,,
Micael de Jesus,S,M,
Micaela,S,,
Micaelis,N,,
Mical,N,,
Michael,N,,
Michel,N,,
Michele,S,F,
Mícia,S,F,
Mickaela,N,,
Miclele,N,,
Migail,N,,
Miguel,S,,
Miguela,S,,
Miguelângelo,N,,
Mila,S,F,revoga despacho anterior
Milagre,S,F,como segundo elemento do nome
Milagres,S,,como segundo elemento do nome
Milai,N,,
Milaide,N,,
Milan,N,M,
Milana,N,,
Milara,N,,
Milda,N,,
Mildred,N,,
Milena,S,F,
Milene,S,,
Mileu,S,,"preferentemente precedido da particula ""do"""
Míli,N,,
Miliana,N,,
Milina,N,,
Militana,S,,
Militza,S,,
Miliza,S,,
Mílton,S,,
Miludia,N,,
Milva,N,,
Milvia,N,,
Mimon,S,M,
Mimosa,S,F,como segundo elemento do nome
Mimoso,S,,como segundo elemento do nome
Mina,S,F,
Minalva,N,,
Minanú,N,,
Mines,S,,
Minique,N,,
Miqueias,S,M,
Mira,N,,
Miraldina,S,,
Miraldo,N,,
Miranda,S,F,
Mirandolina,S,,
Mírcia,N,,
Mirco,S,M,
Mireie,S,,
Mireille,N,,
Mirela,S,F,
Mirene,N,,
Miria,N,,
Miriã,N,,
Miríada,N,,
Miriam,S,F,
Mirian,N,,
Miriana,N,,
Miriel,N,,
Mirina,N,,
Mirita,N,,
Mirko,N,,
Mirta,N,,
Mírtila,S,,
Mirto,S,F,
Mirva,N,,
Miryam,N,,
Mis,S,M,
Misael,S,M,
Mìssia,N,F,
Misson,N,,
Mitezi,N,,
Mitiana,N,,
Mitó,N,,
Mizael,N,,
Mizilena,N,,
Moana,N,,
Modesto,S,M,
Mogli,N,,
Moira,N,,
Moisés,S,,
Mona Lisa,N,,
Monalisa,N,,
Mónia,S,,
Mónia da Luz,S,,
Mónica,S,F,
Monique,N,,
Moniz,N,,
Montemar,N,,
Montenegro,N,,
Montiel,N,,
Moraima,N,,
Moreno,N,,
Morgan,N,,
Morgana,S,F,
Morgane,N,,
Morgiana,S,,
Morian,S,F,
Moura,N,,
Mourana,S,F,
Mouré,N,,
Mouzinho,N,,
Muna,S,,
Munir,S,M,
Murel,N,,
Muriel,S,F,
Muriela,S,,
Muriele,N,,
Murilo,S,M,
Musa,N,F,
Myléne,N,,
Myriam,N,,
Naama,S,F,
Nabor,S,,
Nacib,N,,
Naciolinda,N,,
Nádege,S,,
Nadege,N,,
Nádeja,S,,
Nadeje,N,,
Nádia,S,,
Nadia,N,,
Nadiá,N,,
Nádia de Jesus,S,F,conjunto onomástico
Nadina,S,F,
Nadine,S,F,
Nádio,N,,
Nadir,S,M,
Nadja,S,,
Naera,N,,
Nagi,N,,
Nagila,N,,
Naguel,N,,
Nahak,N,,
Naia,N,,
Naiara,S,F,
Naida,S,,
Naíde,S,,
Nail,N,F,
Naíl,S,F,
Naill,N,,
Naíma,S,F,
Naimo,N,,
Nair,S,F,
Naira,N,,
Naísa,S,F,
Naíse,N,,
Naíssa,N,,
Naiza,N,,
Naldiro,N,,
Nali,S,F,
Nalini,S,F,
Namara,N,,
Nami,S,F,
Nance,S,,
Nanci,S,F,
Nânci,S,,"preferível ""NANCE"""
Nancia,N,,
Nancy,S,F,
Nanda,N,,
Nandino,N,,
Nando,N,,
Nanete,S,,
Nani,N,,
Nanina,S,F,
Nanivi,N,,
Nanzulina,N,,
Naod,S,M,
Naome,N,,
Naomi,N,,
Naomy,N,,
Nara,S,F,
Naraiana,S,,
Narayana,N,,
Nárcia,N,,
Narcisa,S,F,
Nardino,N,,
Narsélio,S,,
Nascimento,S,,"como segundo elemento do nome, precedido da partícula ""do"""
Nasser,S,,
Natã,S,,como segundo elemento do nome
Natacha,S,,
Natacha de Fátima,S,,
Natal,S,,"como segundo elemento do nome, precedido da particula ""do"""
Natali,S,F,
Natália,S,,
Natália dos Anjos,S,,
Natalícia,N,,
Natalício,S,M,
Natalie,N,,
Natalina,S,,
Natalino,S,,
Natálio,S,,
Natanael,S,,
Natanaela,S,,
Natanaele,N,,
Nataniel,S,M,
Natão,S,,
Natasha,N,,
Natélia,N,,
Natércia,S,F,
Natércio,S,M,
Nathali,N,,
Nathan,N,,
Natidiana,N,,
Nátiel,N,,
Natilde,N,,
Natilia,N,,
Natividade,S,F,
Nausica,S,F,
Nautília,N,,
Nave,N,,
Navilde,N,,
Nayma,N,,
Nazaré,S,,
Nazareno,N,,
Nazaret,N,,
Nazareth Fernandes,N,,
Nazária,S,F,
Nazarina,S,,
Nazário,S,,
Nazira,N,,
Neádia,N,,
Neca,N,,
Nédio,N,,
Nei,N,,
Neide,S,,
Neidi,N,,
Neil,N,,
Neila,N,,
Neireide,S,F,
Neise,S,,
Neiva,N,,
Neive,N,,
Neiza,S,,
Neize,N,,
Nelcon,N,,
Neli,S,F,revoga o despacho de 21-11-1968
Néli,N,,
Nélia,S,,
Nelida,N,,
Nélida,N,,
Nelinho,N,,
Nélio,S,,
Nelisa,N,,
Nélita,N,,
Nélito,N,,
Nelma,S,,
Nelmi,N,,
Nelmo,S,M,
Nelo,N,,
Nelsa,S,F,
Nelsindo,N,,
Nelso,N,,
Nelson,S,M,
Nélson,S,M,
Nelsone,N,,
Nelva,N,,
Nely,S,F,
Nelzo,N,,
Nema,N,,
Nembrode,S,,
Nemésia,N,,
Néné,N,,
Nenegal,N,,
Nenrod,N,,
Nenrode,S,,
Neormésio,N,,
Neotel,N,,
Neóteles,S,M,
Neotera,S,F,
Neotero,S,M,
Neptuno,N,,
Nércia,S,F,
Nereida,N,,
Néri,N,,"só no conjunto ""FILIPE DE NÉRI"""
Nérica,N,,
Nerita,N,,
Nery,N,,
Nésia,N,,
Nessa,S,F,
Nestor,S,M,
Neuda,N,,
Neusa,N,,
Neutel,S,,
Nêuton,S,,
Neuza,S,,
Neza,N,,
Niano,N,,
Niara,N,,
Nibénia,N,,
Nicandra,S,,
Nicásio,S,M,
Nice,S,F,
Niceia,S,,
Nicha,N,,
Nichal,S,M,
Nichel,N,,
Nichele,N,,
Nícia,S,F,
Nico,N,,
Nicodemos,S,M,
Nicol,N,,
Nicola,N,F,
Nicola,S,M,
Nicolai,N,,
Nicolás,N,,
Nicolau,S,M,
Nicole,S,F,
Nicoleta,S,,
Nictélia,N,,
Nídia,S,,
Nídio,S,,
Niete,S,M,
Nieto,N,,
Nígel,N,,
Níger,S,M,
Nihit,N,,
Nikita,N,,
Nil,S,M,
Nila,S,F,
Nilce,S,F,
Nilda,S,,
Nildra,N,,
Nília,S,F,
Nilinda,N,,
Nilo,S,M,
Nilsa,S,,
Nilson,S,M,
Niltom,N,,
Nilton,S,M,
Nilu,N,,
Nilva,N,,
Nilza,S,,
Nina,S,F,
Ninfa,S,F,
Nino,S,,
Niobe,N,,
Niotélia,N,,
Nircia,N,,
Níria,N,,
Nirina,S,F,
Nirma,N,,
Nirva,N,,
Nirvana,N,,
Nisa,S,,
Nísia,S,,
Nísio,S,,
Nita,N,,
Niucha,N,,
Niusa,N,,
Niúsa,N,,
Nivalda,S,,
Nivaldo,S,,
Nívea,N,,
Nivénia,N,,
Nivéria,N,,
Nizaida,N,,
Nizandra,N,,
Nizete,N,,
Noa,S,F,
Noah,S,M,
Noame,S,,
Noami,N,,
Nobre,S,M,
Noé,S,M,
Noel,S,M,
Noël,N,,
Noele,N,,
Noélia,S,F,
Noélio,N,,
Noelma,S,,
Noelza,N,,
Noem,N,,
Noémi,S,,
Noemi,S,F,
Noi,N,,
Nói,S,,como segundo elemento do nome
Noiala,S,,
Nolita,N,,
Nominanda,S,,
Nonato,S,M,
Nonilia,N,,
Nora,N,,
Norberto,S,M,
Norbílio,N,,
Norbinda,N,,
Nórdica,N,,
Norete,N,,
Noribal,N,,
Norival,S,,
Norlinda,N,,
Norma,S,,
Norman,N,,
Normanda,N,,
Normano,S,,
Norminanda,N,,
Noronha,N,,
Norton,N,,
Norval,N,,
Norvinda,S,,
Nougué,N,,
Novaia,N,,
Nuala,N,F,
Nubélia,N,,
Núbia,S,F,
Numénia,S,,
Nuna,S,F,
Nunes,N,,
Nuno,S,M,
Nuno Álvares,N,,
Nuno de Santa Maria,S,M,conjunto onomástico
Nuno do Carmo,S,M,conjunto onomástico
Nunus,N,,
Nurá,N,,
Nureia,S,,
Núria,S,F,
Núrio,S,M,
Nurja,N,,
Nusa,N,,
Obdúlia,S,,
Obe,N,,
Oceana,S,F,
Oceano,S,M,
Ocília,S,F,
Ocridalina,S,F,
Octávia,S,F,
Octávio,S,M,
Odair,S,,
Odeberto,S,,
Odete,S,,
Odília,S,F,
Ódin,S,M,
Ofélia,S,F,
Ofir,N,,
Ogando,N,,
Oihani,N,,
Olaf,N,,
Olália,S,F,
Olavo,S,,
Olécia,N,,
Olécio,N,,
Olegário,S,,
Olema,N,,
Olguete,N,,
Oliana,N,,
Olimpia,S,F,
Olímpio,S,M,
Olindo,S,,
Olinto,S,M,
Olita,N,,
Olivar,S,M,como segundo elemento do nome
Oliveiros,S,,
Oliver,N,,
Olivério,S,,
Olívia,S,,
Olivier,S,M,
Olmo,N,,
Omar,S,,
Omara,S,F,
Omer,S,,
Onara,N,,
Ondina,S,,
Ondino,S,,
Oneida,N,,
Onélia,S,,
Onildo,S,,
Onofra,N,,
Onofre,S,,
Onófria,S,F,
Orada,N,,
Orandino,S,M,
Orânia,N,,
Oreges,N,,
Orêncio,S,,
Orestes,S,,
Oret,N,,
Orfeu,N,,
Oriana,S,,
Orieta,S,,
Orildo,N,,
Orindo,N,,
Orlana,N,,
Orlanda,S,F,
Orlandina,S,,
Orlandino,S,,
Orlindo,S,M,
Orminda,N,,
Ornela,S,F,
Orósio,S,,
Orózio,N,,
Orquídea,S,F,
Orsini,N,,
Ortélia,N,,
Ortelinda,N,,
Ortigão,N,,
Ortis,N,,
Óscar,S,M,
Oscarina,S,F,
Oseas,S,,
Oseias,S,,
Osládia,N,,
Osmano,S,,
Osmar,S,M,
Osório,S,M,
Osvalda,S,F,
Osvaldina,S,F,
Osvaldo,S,M,
Otélia,N,,
Otelina,S,,
Otelinda,S,,
Otilina,S,F,
Otinlinda,N,,
Otniel,S,,
Oto,S,,
Otoniel,S,,
Oura,N,,
Oureana,S,F,
Ovídio,S,,
Ovnis,N,,
Pablo,N,,
Pacal,S,M,
Paco,N,,
Paco Valenciano,N,,
Pádua,S,,"como segundo elemento do nome, precedido da partícula ""de"""
Paixão,N,,
Paleologo,N,,
Paliologo,N,,
Palma,N,,
Paloma,S,F,
Pamela,S,,
Pámela,S,,
Pandit,N,,
Pandora,S,,
Pandrea,N,,
Panini,N,,
Papoila,S,F,revoga o despacho de 06-08-1971
Paraíso,S,,"como segundo elemento do nome, precedido da partícula ""do"""
Parati,N,,
Parcidio,S,,"preferível ""PRACÍDIO"""
Parente,N,,substantivo masculino usado apenas como apelido
Páris,S,M,
Parli,N,,
Pascal,N,,
Pascaline,N,,
Pascoal,S,,
Pascualina,S,,
Patalino,N,,
Patric,N,M,
Patrica,N,,
Patrícia,S,,
Patrícia Goreti,S,F,conjunto onomástico
Patrício,S,M,
Patrick,N,,
Patrik,N,,
Patrique,N,,
Patrocínia,S,,
Paul,N,,
Paúl,N,,
Paula Sameiro,N,,
Paulia,N,,
Paulo Sancho,S,M,
Paulos,N,,
Pável,N,,
Paz,S,,revoga o despacho de 05-12-2006
Pedralvi,N,,
Pedrina,S,F,
Pedrino,S,M,
Pedro de Jesus,S,,
Peggy,N,,
Pégui,S,,
Pelaio,S,,
Penélope,S,F,
Penha,N,,
Peniel,S,,
Pepe,S,M,revoga despacho anterior
Pépio,S,M,
Peres,N,,
Perfeito,S,M,
Perla,S,F,
Pérola,N,,
Perolina,N,,
Persília,S,F,
Persilia,N,,
Peta,S,F,
Pétala,N,,
Petiz,N,,
Petra,S,,
Petroa,N,,
Petrusca,N,,
Petula,S,,
Pia,S,F,
Piaget,N,,
Piedade,S,,como segundo elemento do nome
Piera,N,,
Pierre,N,,
Pieter,N,,
Pietra,N,,
Pilar,S,,
Pintor,N,,
Pio,S,M,
Piombina,N,,
Pisca,N,,
Pitágora,N,,
Pitágoras,S,M,
Plácido,S,M,
Platiny,N,,
Poli,N,,
Poliana,S,,
Pompeu,S,M,
Porciana,S,,
Porfírio,S,,
Portocarreiro,N,,
Portugal,N,,
Pósser,N,,
Pracídio,S,,
Prado e do Prado,S,,
Praga,N,,
Prakash,N,,
Prana,N,,
Prazeres,S,,"como segundo elemento do nome, precedido da partícula ""dos"""
Precida,N,,
Precília,S,F,
Preciosa,S,,
Priam,S,,
Prião,S,,
Primavera,N,,
Primitiva,S,F,
Primitivo,S,M,
Primo,S,M,
Principelino,N,,
Principiano,S,,
Prisca,S,F,
Priscila,S,,
Priscília,N,,
Priteche,S,M,
Profetina,N,,
Profetisa,N,,
Profírio,N,,
Prtik,N,,
Prudência,S,F,
Pureza,S,,sem restrições; revoga o despacho de 09-08-2010
Purificação,S,,como segundo elemento do nome
Quaiela,S,F,"só associado a um nome tradição onomástica portuguesa"
Quar,S,F,
Quaresma,S,,como segundo elemento do nome
Queila,N,,
Quelélia,N,,
Quéli,S,M,
Quélia,S,,
Querida,N,,
Querubim,S,,
Quessia,S,F,
Quevim,N,,
Quevin,N,,
Quévin,S,M,
Quezia,N,,
Quiara,N,,
Quilder,N,,
Quiliano,S,M,
Quiltério,N,,
Quim,S,M,
Quimbo,N,,
Quimera,N,,
Quintino,S,,
Quira,N,,
Quiril,N,,
Quirilo,S,M,
Quirina,S,F,
Quirino,S,,
Quírio,S,,
Quiroga,N,,
Quita,N,,
Rabi,N,,
Rachel,N,,
Râdamas,S,M,
Radija,S,,
Rafael de Jesus,S,M,
Rafaela,S,,
Rafaella,N,F,
Rafaelo,S,M,
Ragendra,S,,
Rai,S,M,
Raí,N,,
Raien,N,,
Raimundo,S,M,
Rainha,N,,
Raisa,N,,
Raissa,S,F,
Rakar,N,,
Ralf,N,,
Ralfe,S,,
Ralph,N,,
Ramão,N,,
Ramberto,S,M,
Rami,N,,
Ramich,N,,
Ramna,S,,
Ramnah,N,,
Ramon,S,M,como segundo elemento do nome
Randa,N,,
Rangel,N,,
Rania,S,F,
Ranú,S,,"no conjunto ""MARIA RANÚ"""
Rapaz,S,,como segundo elemento do nome
Raquel,S,,
Raúl,S,M,
Ravel,N,,
Ravi,S,M,
Ray,N,,
Rebeca,S,F,
Reboredo,N,,
Recrino,N,,
Reduzindo,N,,
Regina,S,F,
Reginaldo,S,M,
Regino,S,M,
Régis,N,,
Rego,N,,
Regrano,N,,
Rei,N,,
Reimão,N,,
Reina,S,F,
Reinalda,S,F,
Reinaldo,S,,
Reinamor,N,,
Reis,S,,como segundo elemento do nome
Réjane,N,,
Remédios,S,,como segundo elemento do nome
Remi,S,,
Remígio,S,,
Remízio,S,M,
Rémolo,N,,
Remy,N,,
Renata,S,,
Renate,N,,
Renato,S,,
René,N,,
Reno,S,M,
Requerino,S,,
Resende,N,,
Ressano,N,,
Revelino,N,,
Reyna,N,,
Rezende,N,,
Rian,N,M,
Riana,S,F,
Ribca,S,,
Ricagte,N,,
Ricardo,S,M,
Ricardo Alvim,S,M,conjunto onomástico
Ricardo Conceição,S,M,
Ricarte,N,,
Ricky,N,M,
Rider,N,,
Riera,N,,
Rifca,N,,
Rígel,N,,
Rigoberto,S,M,
Riguel,N,,
Rihanna,N,,
Riken,N,,
Rilary,N,,
Rina,N,,
Ringo,S,,
Rishaad,N,,
Rishita,N,,
Rita de Cássia,S,F,vocábulo gramatical composto
Ritabela,N,,
Ritinha,N,F,
Rito,N,,
Riu,S,,como segundo elemento do nome
Riva,S,,
Rivca,S,,
Rivelino,N,,
Roana,S,F,
Robalo,N,,
Robby,N,,
Roberta,S,F,
Roberto,S,,
Robim,S,,
Robin,N,,
Robinson,N,,
Roboredo,S,M,como segundo elemento do nome
Robson,N,,
Roby,N,,
Roça,N,,
Roclina,N,,
Roderico,N,,
Rodolfo,S,M,
Rodrigo,S,M,
Rodrigues,N,,
Roena,S,F,
Rogélia,S,,
Rogélio,S,,
Roger,N,,
Rogério,S,,
Rogila,N,,
Rói,S,M,
Rolando,S,M,
Rolende,S,F,
Rolendis,N,,
Rolim,S,,
Roma,N,,
Romã,S,,como segundo elemento do nome
Romana,S,F,
Romano,S,M,
Romão,S,M,
Romaric,N,,
Romarico,S,,
Romarigo,S,,
Romário,S,M,
Romario,N,,
Romea,N,,
Romeia,S,,
Romel,N,,
Romero,N,,
Romeu,S,M,
Romina,S,,
Romovil,N,,
Rómula,S,,
Rómulo,S,M,
Romy,N,,
Ronaldo,S,,
Ronance,N,,
Ronanse,N,,
Rondina,S,,
Roni,N,,
Rónio,N,,
Ronise,N,,
Ronnie,N,,
Ronny,N,,
Roque,S,,
Roquelina,S,,
Roquelino,N,,
Roriz,N,M,
Rosa Luxemburgo,N,,
Rosabela,N,,
Rosado,N,,
Rosalba,N,,
Rosalete,N,,
Rosali,N,,
Rosália,S,F,
Rosalinda,S,,
Rosalita,N,,
Rosalva,N,,
Rosamar,S,F,
Rosana,S,,
Rosandra,S,F,
Rosanete,S,,
Rosângela,N,,
Rosano,S,M,
Rosarinho,S,F,revoga o despacho de 04-12-2006
Rosário,S,M/F,preferencialmente em conjunto como 2º vocábulo
Roseane,N,,
Rosebel,S,F,
Rosebele,S,F,
Rosel,N,,
Roseli,N,,
Rosélia,S,F,
Roseta,N,,
Rosete,N,,
Rosette,N,,
Rosil,S,M,
Rosina,S,F,
Rosinda,S,,
Rosinha,N,,
Rosita,S,F,
Ross,N,,
Rossana,S,,
Rossano,S,,
Rossileia,N,,
Rouena,N,,
Roy,N,,
Rozina,N,,
Ruan,N,M,
Ruana,N,,
Ruanito,N,,
Rubel,N,,
Rubem,N,,
Rúben,S,,
Rúbens,N,,
Ruber,N,,
Rubi,S,M,
Rúbia,S,,
Rubian,N,,
Rubiel,N,,
Rubim,S,,
Rubin,N,,
Rubina,S,,
Rúbio,N,,
Rúbria,N,,
Ruby,S,M,
Ruca,N,,
Rudesindo,S,M,
Rudezindo,N,,
Rúdi,S,,
Rudolfo,N,,
Ruena,N,,
Rui,S,M,
Rui Paula,S,,
Ruia,N,,
Runa,N,,
Ruperto,S,,
Rúpio,S,M,
Rurique,S,M,
Rusa,N,,
Russel,S,M,revoga o despacho de 04-09-1992
Russell,N,,
Rute,S,,
Ruth,S,F,revoga despacho anterior
Rutneia,N,,
Ruy,N,,
Rúzia,N,,
Ryan,N,M,
Sá,N,,
Sabarigo,N,,
Saberino,N,,
Sabier,N,,
Sabina,S,F,
Sabino,S,M,
Sabrina,S,,
Sacha,N,,
Sacramento,S,M,
Sadi,S,M,
Sádique,N,,
Sadrache,N,,
Sadraque,S,M,
Sadrudine,S,,
Sadurnine,N,,
Sady,N,,
Safia,S,,
Safira,S,,
Saga,N,,
Saína,N,,
Salamita,N,,
Salazar,S,M,
Salé,N,,
Salemo,S,M,revoga o despacho de 22-05-2007
Sales,S,,"como segundo elemento do nome, precedido da partícula ""de"""
Salésia,N,,
Salete,S,F,
Sáli,S,,
Salima,S,,
Salisa,N,,
Sally,N,,
Salma,S,M/F,"como masculino é aconselhável que seja antecedido de outro nome masculino, como feminino é aconselhável que seja seguido de um segundo vocábulo que permita a identificação do sexo do registando"
Salomão,S,,
Salomé,S,,
Salomite,S,F,
Salumite,N,,
Salúquia,S,F,
Salustiano,S,,
Salustiniano,S,M,
Salutidaena,N,,
Salvação,S,,como segundo elemento do nome
Salvador,S,M,
Salvador de Jesus,S,,
Salvato,N,,
Salviano,S,M,
Salvina,S,F,
Salvino,N,,
Samanta,S,,
Samara,S,F,
Samaritana,S,,
Samaritano,S,M,como segundo elemento do nome
Samir,S,,
Samira,S,F,
Samiro,N,,
Sâmnio,N,,
Samoel,N,,
Samora Machel,N,,
Sampsa,N,,
Samuel,S,,
Sana,N,,
Sancha,S,,
Sanches,N,,
Sancho,S,M,
Sância,S,F,
Sancler,S,M,
Sanda,N,,
Sandi,N,,
Sandie,N,,
Sando,N,,
Sandokan,N,,
Sandra,S,,
Sandrina,S,,
Sandrine,N,,
Sandrino,S,,
Sandrio,N,,
Sandro,S,,
Sandro do Paraíso,S,,conjunto onomástico
Sane,N,,
Sania,N,,
Sanira,N,,
Sanjai,N,,
Sansão,S,M,
Santa,S,F,como segundo elemento do nome
Santa Ana,S,,como segundo elemento do nome
Santa Cruz,S,,vocábulo gramatical composto
Santa Maria,S,,"como segundo elemento do nome - vocábulo gramatical composto"
Santa Rita,S,,vocábulo gramatical composto
Santamaria,N,,
Santana,S,M/F,como segundo elemento do nome masculino
Santelmo,S,,como segundo elemento do nome
Santiago,S,M,
Santo André,S,,como segundo elemento do nome
Santos,S,,"como segundo elemento do nome, precedido da partícula ""dos"""
São José,S,F,"como segundo elemento do nome - vocábulo gramatical composto"
São Mamede,S,,
São Martinho,S,,"como segundo elemento do nome - vocábulo gramatical simples"
São Miguel,S,,como segundo elemento do nome
São Pedro,S,F,"como segundo elemento do nome - vocábulo gramatical composto"
São Romão,S,,vocábulo gramatical composto
São Tomás,S,,como segundo elemento do nome
Sara,S,,
Sara do Mar,S,F,
Sara do Rosário,S,F,
Sarah,S,F,
Sarai,S,F,
Sari,N,,
Sarina,S,F,
Sário,S,,
Sarita,N,,
Saron,N,,
Sasha,N,,
Sáskia,N,,
Sásquia,S,,
Sássia,S,,
Satélite,N,,
Sátia,S,,
Sátira,S,,
Sátira da Conceição,S,,
Sátiro,S,M,
Sátya,N,,
Saúl,S,M,
Saula,S,,
Saulete,N,,
Saulina,S,,
Saulo,S,,
Sauro,S,M,
Sávio,S,,"só no conjunto ""DOMINGOS SÁVIO"""
Saviola,N,,
Sayonara,N,,
Scot,N,,
Scote,N,,
Scott,N,,
Scoty,N,,
Seara,N,,
Secundino,S,M,
Séfora,S,F,
Segismundo,S,,
Seila,N,,
Seisa,N,,
Selda,N,,
Selécio,N,,
Selena,S,,
Selene,S,,
Selénia,S,,
Selesa,S,,
Selésia,S,,
Selésio,S,,
Seleso,S,,
Selina,N,,
Selma,S,,
Selmo,S,,
Selton,N,,
Semarina,N,,
Semerina,N,,
Sémio,N,,
Semíramis,S,F,
Sena,S,,"só no conjunto ""CATARINA DE SENA"""
Sénia,S,,
Sénio,S,,
Seno,N,,
Seomara,S,F,
Serena,S,F,
Serenela,S,F,
Sérgio,S,M,
Sesinando,S,,
Sesira,S,,
Sesisnando,N,,
Setavier,N,,
Sete,N,,
Setefano,N,,
Setela,N,,
Seteve,N,,
Setfano,N,,
Seth,N,,
Severiano,S,M,
Severino,S,M,
Sévria,N,,
Sextina,S,,
Seyonara,N,,
Sezaldina,N,,
Shadonai,N,,
Shaï,N,,
Shana,N,,
Shanti,N,,
Sheila,S,F,
Sheilon,N,,
Sheinaz,N,,
Shema,N,,
Sião,N,,
Sibila,S,,
Siça,N,,
Sidália,N,,
Sidarta,N,,
Sidarth,N,,
Siddártha,S,M,no âmbito da Lei da Liberdade Religiosa
Sidínia,N,,
Sidnei,S,M,
Sidney,N,,
Sidónio,S,M,
Sidraque,S,M,
Siena,S,,
Sifredo,S,M,
Silas,S,,
Silena,N,,
Silene,N,,
Silésia,N,,
Silmara,N,,
Silva,N,,
Silvana,S,F,
Silvandira,S,F,
Silvânia,N,,
Silvano,S,M,
Silver,N,,
Silvério,S,M,
Silvestre,S,M,
Silvete,N,,
Silvi,N,,
Sílvia,S,,
Sílvia do Rosário,S,,
Silviana,S,F,
Silviano,S,M,
Sílvio,S,,
Simão,S,M,
Simara,N,,
Simaura,S,,
Simauro,S,,
Simon,N,,
Simone,S,,
Simoneta,S,,
Simplício,S,,
Sinai,N,,
Sindi,N,,
Sindulfo,S,,
Sinel,N,,
Sinésio,S,,
Siomara,N,,
Sira,S,,
Sire,N,,
Síria,S,F,
Sírio,N,,
Sirios,N,,
Sirios Julius,N,,
Sirios Piaget,N,,
Sirios Yulius,N,,
Síris,N,,
Sírius,N,,equivalência em português ao nome próprio Sírio
Sirla,S,,
Sisandra,N,,
Sisandro,N,,
Sisenando,S,,
Sisínio,S,,
Sisnando,S,,
Sissa,N,,
Sívio,S,M,
Sivori,N,,
Sneha,N,,
Socorro,S,,"como segundo elemento do nome, precedido da partícula ""do"""
Sócrates,S,M,
Soeiro,S,M,
Sofia,S,F,
Sofia da Paz,S,F,
Sofia de Jesus,S,F,conjunto onomástico
Sol,S,F,
Solana,S,F,
Solange,S,,
Solano,S,M,
Solantino,N,,
Soledade,S,F,
Solene,S,F,
Solôngia,S,,
Soner,N,,
Sonete,N,,
Sónia,S,,
Sonim,N,,
Sophia,N,,
Soraia,S,F,
Soraya,N,,
Sorel,N,,
Sória,N,,
Sorya,N,,
Soter,N,,
Sotero,S,,
Sousa,N,,
Staël,N,,
Staviani,N,,
Stefan,N,,
Stefani,N,,
Stéfanie,N,,
Stefano,N,,
Stéffi,N,,
Stéfi,N,,
Stel,N,,
Stela,S,F,
Stelina,S,F,
Stélio,N,,
Stella,N,,
Stenio,N,,
Steven,N,,
Stiv,N,,
Stive,N,,
Stiven,N,,
Sttéfi,N,,
Stuart,N,,
Suani,N,,
Suati,S,F,
Suel,N,,
Suelen,N,,
Suéli,S,F,
Suélia,N,,
Suely,N,,
Sueva,N,,
Sulamita,S,F,
Sulene,N,,
Sulivane,N,,
Sultana,N,,
Sunamita,S,F,como segundo elemento do nome
Sunua,N,,
Suraje,S,,
Surendralal,S,,
Suri,S,F,revoga o despacho de 10-09-2008
Suria,S,F,revoga despacho anterior
Susana,S,,
Susana Francisco,S,,
Susana Ilídia,S,,
Susane,N,,
Susano,S,M,
Suse,S,,
Susete,S,,
Susi,S,F,
Susie,N,,
Suzel,N,,
Suzela,N,,
Suzélia,N,,
Suzi,N,,
Súzi,N,,
Suzíbel,N,,
Suzy,N,,
Svetlana,N,,
Tábata,N,,
Tabita,S,,
Tabris,N,F,
Taciana,S,,
Taciano,S,,
Tácio,S,M,
Tadeu,S,,
Tágio,N,,
Taievo,N,,
Taiki,N,,
Taína,N,F,
Taina,N,,
Tainara,N,,
Taís,S,F,
Tais,N,,
Taísa,S,F,
Taisa,N,,
Taísia,N,,
Taíssa,S,F,
Talia,S,F,
Tálio,S,,
Talita,S,F,
Talma,N,,
Tamagnini,N,,
Tamar,S,F,
Tamara,S,,
Tamára,S,,
Tâmara,N,,
Tamires,N,,
Tâmiris,S,M,
Tanagra,S,,
Tânia,S,F,
Tanja,N,,
Tao,N,,
Tara,N,,
Tarcília,N,,
Tarcísio,S,,
Tarciso,N,,
Tarina,S,,
Tarsício,S,,
Tásia,S,,
Tássia,N,,
Tassiana,N,,
Tássio,N,,
Tasso,S,M,
Tatania,N,,
Tatiana,S,,
Tatiana da Conceição,S,F,
Tatiane,N,,
Tatiano,S,M,
Tavae,N,,
Tavares,N,,
Tázia,N,,
Tchaina,N,,
Teddy,N,,
Tedi,N,,
Tédi,N,,
Tejala,S,,
Teliano,S,,
Télica,N,,
Télio,N,,
Telma,S,,
Telmo,S,M,
Telo,S,,
Tembe,N,,
Temóteo,N,,
Teo,N,,
Teodemiro,S,M,
Teodomiro,S,M,
Teodora,S,F,
Teófilo,S,M,
Teolina,N,,
Tercília,N,,
Tércio,S,M,
Teresca,S,F,
Teresina,S,F,
Teresinha,S,F,
Teresinha de Jesus,S,F,
Terezina,N,,
Terezinha,S,F,
Terra,N,F,
Terroso,N,,
Tessa,N,,
Thais,N,,
Tházia,N,,
Theara,N,,
Theo,N,,
Theresa,N,,
Thierry,N,,
Thomás,N,,
Thomáz,N,,
Tiago,S,,
Tiara,S,F,revoga o despacho de 09-10-1987
Tice,N,,
Ticiana,S,F,
Ticiano,S,M,
Tieres,N,,
Tierri,S,M,
Tifany,N,,
Tilak,N,,
Tília,N,,
Timmo,N,,
Timo,N,,
Timóteo,S,,
Tina,N,,
Tino,N,,
Tirsa,S,,
Tirza,S,F,
Tissiana,N,,
Tita,S,F,
Titânia,S,,
Tito,S,,
Tiziana,N,,
Tó,N,,
Togarma,N,,
Toledo,S,,
Tom,N,,
Tomás,S,M,
Tomaz,N,,
Tomé,S,M,
Toni,S,M,
Tonicha,N,,
Torcato,S,M,
Tordis,N,,
Torgal,N,,
Torpécia,S,,
Torquato,S,M,
Tosé,N,,
Traciana,S,,
Trajano,S,,
Trasila,S,,
Trebaruna,N,,
Trindade,S,,"só no conjunto ""MARIA DA TRINDADE"""
Tristão,S,M,
Tude,S,M,
Túlio,S,,
Túlipa,S,F,revoga o despacho de 29-12-2009
Turgo,S,M,
Ubaldo,S,M,
Uda,N,F,
Udo,S,,
Ugo,N,,
Ulema,N,,
Ulice,N,,
Ulisses,S,M,
Ulrich,N,,
Ulrico,S,,
Umbelina,S,F,
Umbolina,N,,
Una,N,,
Unna,N,,
Urânia,S,,
Urbalina,S,F,
Urbino,S,,
Urbiria,S,F,
Urciana,N,,
Urgel,N,,
Uriana,N,,
Urias,S,M,
Uriel,S,M,
Urien,S,M,
Uriens,N,,
Ursiciana,S,,
Úrsula,S,,
Urvalina,N,,
Usa,N,,
Utánio,N,,
Utânio,N,,
Uter,N,,
Uziel,N,,
Vagner,N,,
Vaísa,S,,
Vaíse,S,,
Valdegar,N,,
Valdemar,S,M,
Valdir,S,,
Valdo,S,,
Valdomero,N,,
Valene,N,,
Valente,S,M,
Valentim,S,M,
Valentina,S,F,
Valentino,S,,
Valéria,S,,
Valérie,N,,
Valério,S,M,
Valesca,S,,
Valfer,N,,
Valgi,S,,
Valiana,S,F,
Valin,N,,
Valmar,N,,
Valmor,N,,
Valquíria,S,F,
Valquírio,N,,
Válter,S,,
Van,N,,
Vanda,S,,
Vandelsa,N,,
Vanderleia,S,F,
Vanderley,N,,
Vando,S,,
Vaneli,N,,
Vanessa,S,,
Vanguel,N,,
Vânia,S,,
Vanice,N,,
Vanidia,N,,
Vanina,S,F,
Vanine,N,,
Vânio,S,M,
Vanise,N,,
Vanisse,N,,
Vanízia,N,,
Vanusa,S,F,
Vanussa,N,,
Vanuza,S,F,
Vanza,N,,
Varianne,N,,
Varinca,N,,
Varo,S,M,
Varusa,N,,
Vasco,S,M,
Vasco da Gama,S,,conjunto onomástico
Vasconcelos,N,,
Vau,N,,
Vaz,N,,
Véber,N,,
Véccio,N,,
Vega,N,,
Veide,N,,
Vélia,S,,
Velma,S,,
Velmano,N,,
Venata,N,,
Vêndel,S,,
Veneranda,S,F,
Veneza,N,,
Vénia,N,,
Venina,N,,
Ventura,S,M,
Vénus,N,,
Venusa,S,F,
Vera,S,,
Vera Lis,S,F,conjunto onomástico
Vera Luz,S,F,conjunto onomástico
Veralisa,N,,
Verdi,S,M,
Verdiana,S,F,
Verena,S,,
Vergílio,S,M,
Veridiano,S,M,
Veríssimo,S,,
Verita,N,,
Verlaine,N,,
Verónica,S,,
Vérter,S,M,
Verter,N,,
Vêrter,N,,
Vertier,N,,
Verusca,N,,
Vesálio,N,,
Vestina,S,,
Vianca,N,,
Vianei,S,,
Vicema,N,,
Vicência,S,F,
Vicenta,S,F,
Vicente,S,M,
Vickie,N,,
Victor,S,M,
Victória,S,F,
Victorino,N,,
Vida,S,F,
Vidal,S,M,
Vidálio,S,,
Vidaúl,S,M,revoga o despacho de 07-07-1980
Vidinha,N,,
Viking,N,,
Vilar,S,,como segundo elemento do nome
Vilator,S,M,
Vilda,N,,
Vili,S,M,
Vilma,S,,
Vílmar,S,,
Vilnius,N,,
Vilsa - Vilza,N,,
Vílson,S,,
Vinícia,S,,
Vinício,S,M,
Vinícius,N,,
Violanta,N,,
Violante,S,,
Violeta,S,,
Violete,N,,
Violinda,S,F,
Virgilinda,N,,
Virgílio,S,M,
Virgínio,S,M,
Virgulino,S,M,
Viriato,S,M,
Virna,N,,
Virtuosa,N,,
Vital,S,,
Vitália,S,,
Vitaliano,S,M,
Vitálio,S,,
Viterbo,N,,
Vitisa,N,,
Vitiza,S,,
Vito,S,,
Vítor,S,M,
Vitória,S,F,
Vitório,S,M,
Vivalda,S,,
Vivaldo,S,,
Vivek,N,,
Vivelinda,S,F,
Viveque,S,,
Vivian,N,,
Viviana,S,,
Viviane,S,F,
Vivilde,S,,
Vivina,S,F,
Vladimir,N,,
Vladimiro,S,,
Vladino,N,,
Wagner,N,,
Waísa,N,,
Waíse,N,,
Waldemar,N,,
Walter,N,,
Wendel,N,,
Whendel,N,,
Wilker,N,,
William,N,,
Willian,N,,
Wilma,N,,
Wilsa,N,,
Wilson,S,,
Xana,N,,
Xania,N,,
Xavi,N,M,
Xavier,S,,
Xénia,S,,
Xénio,S,,
Xenoa,N,,
Xenócrates,S,,
Xénon,S,,
Xerxes,S,M,
Xica,S,F,
Xico,S,,
Xiluva,N,,
Ximena,S,F,
Ximene,N,,
Xisto,S,M,
Yahmani,N,,
Yanic,N,,
Yanick,N,,
Yann,N,,
Yannick,N,,
Yara,S,F,
Yaray,N,,
Yasmin,S,F,
Yekatherina,N,,
Yodhin,N,,
Yola,N,,
Yolanda,N,,
Ysémia,N,,
Yulius,N,,
Yuran,N,,
Yuri,S,M,revoga os despachos de 16-06-1985 e 17-04-1991
Zabdi,N,,
Zahir,N,M,
Zahra,S,F,
Zaido,S,,
Zaion,N,,
Zair,N,M,
Zaira,S,,
Zaíro,S,M,
Zália,N,,
Zamorano,N,,
Zamy,S,F,
Zanardy,N,,
Zandonaide,N,,
Zaqueu,S,M,
Zara,S,F,
Zará,S,M/F,
Zarco,S,M,como segundo elemento do nome
Zardilaque,S,,
Zarina,S,F,
Zé,N,,
Zé Maria,N,,
Zeca,N,,
Zeida,N,,
Zélia,S,,
Zelinda,S,,
Zélio,S,,
Zelíria,N,,
Zena,S,F,
Zenaida,S,F,
Zenaide,S,F,
Zénia,S,F,
Zerá,S,M,"preferível ""ZARA ou ZARÁ"""
Zeus,N,,
Zhoé,N,,
Zicia,N,,
Ziggi,N,,
Zila,S,,
Zilda,S,F,
Zília,S,,
Zilma,S,,
Zina,N,,
Zinaida,N,,
Zíngara,N,,
Zion,N,,
Zipora ou Zípora,N,,
Ziriana,N,,
Zita,S,,
Zito,N,,
Ziva,N,F,
Zivan,N,,
Ziza,S,,como segundo elemento do nome
Zizelda,N,,
Zizibele,N,,
Zoa,S,F,
Zobaida,S,,
Zoe,N,M,
Zoé,S,M,
Zoey,N,M,
Zoia,N,,
Zola,S,,como segundo elemento do nome
Zolá,N,,
Zoleica,N,,
Zora,S,,
Zoraia,N,,
Zoraida,S,,
Zoya,N,,
Zubaida,S,,
Zubeida,S,,
Zulaia,S,,
Zulcides,N,,
Zuleica,S,,
Zuraia,N,,
Zurita,N,,
Zuzela,N,,
Zuzidine,N,,
